Date,CPI National Year on Year Inflation,Advances by banks,Auto Sales,Consumer Confidence Index,Call Money Rate (End of Period),IMF Commodity Prices,National Consumer Price Index,Deposit Rate,Pakistani Rupee to US Dollar Nominal Exchange Rate,Economic Policy Uncertainty,Karachi Stock Exchange 100 Index,KIBOR 1 Year Interest Rate,Lending Rate,International Oil Prices,SBP Policy Rate,Public Sector Borrowing,Real Output - Quantum Index of Large-Scale Manufacturing Industries,Real Effective Exchange Rate,Interest Rate Spread,Exchange Rate Differential,Inflation Expectations,Banking Activity Index,Stock Market Volatility,Commodity Price Index
2012-01-01,0.32780785923966704,-0.7472874014801036,-0.4460743541272842,-1.1750792489636679,0.5257924176507148,0.5801299616378295,-0.6910341611285978,0.6262734584450402,-0.31464229595559673,-0.16990875469724784,-2.2276702982228946,0.49949238578680283,0.4387527839643653,0.8699000114929314,0.49285362247412523,-0.6690392502948976,-1.3162219712296164,0.16019186396302765,-0.002036666200966042,0.4748341599186244,0.0329387951765896,-0.6755718124630204,,0.6668926933823169
2012-02-01,0.5038886871603796,-0.7282019868346149,0.40584751102709515,-1.130699829309925,0.6799254195152267,0.6975651765442727,-0.6686487116707457,0.6176943699731906,-0.30655227494965415,0.22135462696227112,-2.146520368794911,0.49746192893401103,0.4253897550111358,1.0078151936559012,0.49285362247412523,-0.6570215953536512,-1.3083377291882694,0.04115290275234114,-0.004067123053757837,0.34770517770199527,0.18707179704110144,-0.6485432844161175,-0.03642815972036817,0.6921558445788254
2012-03-01,0.4510356405086877,-0.7179880854066276,0.3165217391304348,-1.086320409656182,0.6177750155376008,0.6997573005558603,-0.6504605339862406,0.5447721179624667,-0.30562561874691435,-0.24010776529903882,-2.0750073929698205,0.5116751269035542,0.37639198218262826,1.1255028157683022,0.49285362247412523,-0.6522302724679169,-1.302352804109158,0.1170522237575449,-4.760500266498546e-05,0.4226778425044593,0.1249213930634756,-0.657447220043559,-0.03331576856418972,0.621728609428831
2012-04-01,0.5206248052695334,-0.7191988518373008,0.12002520478890989,-1.2048280907095836,0.6326911124922312,0.6878571987786734,-0.6306400839454336,0.551206434316354,-0.30692883748897,-0.009566151972761828,-2.0565102027028934,0.5197969543147215,0.38530066815144765,1.0319503505344212,0.49285362247412523,-0.6435241684849715,-1.2935238635159632,0.2274698683662461,-0.0021194575099483526,0.5343987058552161,0.13983749001810597,-0.651768330822585,-0.008914276801902488,0.6665603615740325
2012-05-01,0.6943501509370804,-0.7128656120460869,0.3595715185885318,-1.3233357717629852,0.5133623368551894,0.5084161904016283,-0.599160545645329,0.574798927613941,-0.2937265895667882,0.15836046624018862,-2.072996019730227,0.5238578680203052,0.4387527839643653,0.8154235145385587,0.49285362247412523,-0.6322303032877611,-1.2805755041792017,0.3353553317950704,-9.727978805473825e-05,0.6290819213618586,0.020508714381064164,-0.6441968504477766,0.00801640420050731,0.6234995451281986
2012-06-01,0.5145275427661,-0.6838387761483632,0.7834152488972905,-1.1175323091928804,0.5755127408328153,0.4219838722304864,-0.5996269091757007,0.6155495978552281,-0.24533917092035015,0.25731402141685816,-2.071799390196294,0.5258883248730974,0.4120267260579067,0.5067233651304445,0.49285362247412523,-0.6184839537513606,-1.2658345610032669,0.20818430047668415,-0.002144294902642674,0.4535234713970343,0.08265911835869011,-0.6463176018793116,-0.0005772464213843476,0.8327697147374608
2012-07-01,0.20317646629012429,-0.693554156878152,-0.6739256458727159,-0.9117288466227755,0.605344934742076,0.5068503875362087,-0.6224787221639251,0.5941018766756032,-0.24215140417047357,0.002222669168316865,-2.00904794325759,0.5218274111675134,0.4387527839643653,0.6455579818411675,0.49285362247412523,-0.6146107953303871,-1.2488451682273995,0.19479613627498235,-0.0021277366408465337,0.4369475404454559,0.11249131226795073,-0.6179746288477452,-0.030288379867105975,0.7851353430572464
2012-08-01,0.1469801032373133,-0.6905063301288475,-0.6808821676118463,-1.0575469397707884,0.38160348042262277,0.47240272449698556,-0.6077882709572097,0.482573726541555,-0.24130283697358249,-0.35226159801345297,-1.942656444748118,0.32284263959390963,0.43429844097995557,0.8448454200666589,0.19714144898965008,-0.6102737505940964,-1.2290337625998247,0.18154020085551928,-0.005393853780199742,0.42284303782910176,0.18446203143297268,-0.6298832284718268,-0.03304624896199382,0.5591587683101988
2012-09-01,0.14209979707363282,-0.6882531089391521,-0.7773660995589162,-1.2033650329188008,0.2473586078309485,0.5272058247866591,-0.5935641832808659,0.38820375335120655,-0.23868945824450713,-0.8194803081809201,-1.9388343501448042,0.19086294416243751,0.380846325167038,0.8627743937478449,0.19714144898965008,-0.5991029105895509,-1.2050943031405714,0.09660965402339063,-0.002816974288124441,0.33529911226789777,0.05021715884129843,-0.6210757970302486,-0.001967457814605722,0.61105872938174
2012-10-01,-0.08334484581922748,-0.6797674810176314,-0.4879143037177064,-1.003413801511827,0.0037290242386576926,0.5412980505754328,-0.5900664568030763,0.22091152815013393,-0.22448767104745976,-0.542762785820869,-1.9011886600945076,0.07715736040609224,0.33184855233853006,0.7908286403861622,0.09857072449482504,-0.566758977395662,-1.1764779299609545,0.029906844822912265,-0.006430814925203476,0.25439451587037204,-0.09484170025616735,-0.5790171576279917,-0.019416661380836864,0.6844694576452321
2012-11-01,-0.21037041792053568,-0.6702050175992816,-0.4968872085696282,-0.8034625701048531,0.0907395898073338,0.499334533782197,-0.5926314562201219,0.13941018766756041,-0.2140324208199172,-0.42710554945099377,-1.8474859654935398,-0.004060913705582948,0.3051224944320714,0.7443971957246291,0.09857072449482504,-0.5631713695974979,-1.1458774747799072,0.007824638188994084,-0.006099649689272292,0.22185705900891128,-0.007831134687491234,-0.5904023117804771,-0.028246904543549167,0.6707904552167512
2012-12-01,-0.05371177093490181,-0.6538482533013686,-0.4027221172022684,-0.816142404291637,0.08825357364822882,0.5387927659907616,-0.5637169173370628,0.1737265415549599,-0.19323471559550248,-0.4716098672321421,-1.8206673859389142,0.0020304568527929165,0.2383073496659243,0.7480749339156415,0.0,-0.552634338101031,-1.1139270245657205,-0.10443759793194174,-8.279130896427737e-06,0.08879711766356074,0.08825357364822882,-0.583399472042873,-0.014516256174894049,0.7202390316309141
2013-01-01,-0.002786440566762789,-0.6496053110542731,-0.5526402016383113,-0.8288222384784203,0.03356121814791791,0.6236592812964848,-0.5394660137577226,0.07506702412868625,-0.18824569577738032,-0.4177556479471779,-1.7933682127783679,-0.018274111675127953,0.22048997772828507,0.8340420641305596,0.0,-0.5375110723070563,-1.0781950245947605,-0.10449048944483817,-0.00196422380560813,0.08375520633254215,0.03356121814791791,-0.5555060482243188,-0.01499404744182209,0.7477551889983072
2013-02-01,-0.1167685300463972,-0.6508676485916566,-0.4909388783868935,-0.7980980248719831,0.0037290242386576926,0.6126986612385503,-0.5280401072636106,0.057908847184986505,-0.17941643218273526,-0.09618273237369303,-1.7180485148727127,-0.0020304568527929165,0.19821826280623617,0.8912768647281919,0.0,-0.5233032003691648,-1.0407776210435684,-0.11877780936576515,8.279130896065613e-06,0.060638622816970106,0.0037290242386576926,-0.5466131789462886,-0.041999014685872305,0.6874392071485014
2013-03-01,-0.2502668640608477,-0.6496181396877831,-0.2694391934467549,-0.7673738112655458,0.07582349285270347,0.5165583653018081,-0.5236096537250774,0.04289544235924956,-0.177958770740223,-0.6854260003474268,-1.7285956836383352,0.018274111675127953,0.16258351893095774,0.7807148603608778,0.0,-0.5121804774492711,-1.007498953102133,-0.04171487507685876,-0.0021132481617723714,0.13624389566336426,0.07582349285270347,-0.5497829655013583,0.0061390401227428,0.6616479223452133
2013-04-01,-0.39838280323740344,-0.6537358744718211,-0.3295274102079395,-0.6449646427700566,0.13797389683032932,0.456118374696626,-0.5194123819517299,0.05361930294906166,-0.17380443562906325,-0.406504266845977,-1.6526141581743583,0.024365482233503457,0.14922048997772863,0.689001264222503,0.0,-0.49606402469959526,-0.9803793201819707,-0.03918930533609307,-0.004176821538159313,0.13461513029297018,0.13797389683032932,-0.5297945329803315,-0.04395563762143129,0.6619993291468464
2013-05-01,-0.5143197386291855,-0.6413421316378156,-0.22659105229993698,-0.5225554742745675,0.10068365444375373,0.40726532529554554,-0.49959193191092327,0.08364611260053632,-0.1726591302099465,-0.2931014540602498,-1.4227844250453987,0.024365482233503457,0.1135857461024502,0.7023330651649233,0.0,-0.46956636812775676,-0.9536610614671626,-0.007950255532122514,-0.00825429350553945,0.164708874677824,0.10068365444375373,-0.5192636739866844,-0.13907041277127408,0.5798749133360405
2013-06-01,-0.41181493454293333,-0.6508050448601278,0.008519218651543793,-0.450377956595953,0.031075201988812928,0.27479840288107743,-0.4881660254168109,0.06434316353887415,-0.16788702429696037,-0.46328737803584946,-1.4889153997482945,-0.02233502538070982,0.05122494432071278,0.7119871279163312,-0.09857072449482504,-0.43551617210163257,-0.924724797740208,0.01372204187685516,-0.012141345462260563,0.18160906617381553,0.12964592648363796,-0.5377699929923815,0.046479968109564895,0.385959790713197
2013-07-01,0.011552184492875468,-0.6715245708421196,-0.8170888468809073,-0.3782004389173378,-0.17526413921690492,0.22250058717607463,-0.463681940072285,-0.012868632707774906,-0.13433131082808186,-0.6751879395667482,-1.3022533286568494,-0.07918781725888227,0.03340757238307357,0.8384093782323869,-0.09857072449482504,-0.420581066222679,-0.8980762832799372,0.04486853153325814,-0.005793321846039437,0.17919984236134,-0.07669341472207988,-0.514482301043469,-0.12536781547359965,0.26538418218218307
2013-08-01,0.06355597699177495,-0.6640298265729108,-0.6983238815374921,-0.37673738112655497,-0.17526413921690492,0.2491192358882016,-0.44176285414480465,-0.12225201072386066,-0.0902856409068389,-0.5512848279279755,-1.3954536977592114,-0.05482233502537989,-0.028953229398663467,0.9039190897597974,-0.09857072449482504,-0.408882692158512,-0.8731880342736265,-0.04516604629329738,0.010417216452704478,0.045119594613541515,-0.07669341472207988,-0.5076198371134206,0.07156853973910682,0.27559904277981473
2013-09-01,-0.11682941144546982,-0.6605873910568388,-0.7046754883427852,-0.3752743233357722,-0.22995649471721563,0.17396069834807773,-0.44735921650926763,-0.12010723860590014,-0.05257559232680087,-0.28458074697110464,-1.4220052808661032,-0.01421319796954212,-0.046770601336302675,0.9181703252499711,0.0,-0.4100971592412264,-0.8491837335538036,-0.25501973514574927,0.018406577769500426,-0.2024441428189484,-0.22995649471721563,-0.4995887373237914,0.01902720466435248,0.18946451825342653
2013-10-01,0.160392712066134,-0.6374986730382213,-0.6773534971644612,-0.4045354791514267,0.041019266625230644,0.13857355358960297,-0.41121604290544356,0.025737265415549812,-0.03590445723368836,-0.2256112991216931,-1.3456952688633994,0.046700507614214,0.0022271714922052475,0.8462245718882886,0.0,-0.3942046682627429,-0.8291274924153191,-0.2523487137445205,0.024274411793621435,-0.21644425651083216,0.041019266625230644,-0.4615639747026369,-0.053663662877697305,0.16375505769158435
2013-11-01,0.4622057178994253,-0.6150554918578267,-0.6078890989287965,-0.4337966349670818,-0.05096333126165322,0.12855241525092,-0.3788037775445949,-0.055764075067024084,-0.01276581714504871,-0.199159931669042,-1.222202130065296,0.08121827411167591,-0.0022271714922048515,0.7774968394437418,0.09857072449482504,-0.384537252033105,-0.8089247272337423,-0.21411476136010515,0.011901250666212851,-0.20134894421505645,-0.14953405575647827,-0.4502304458673808,-0.09176902204791726,0.16534139912760612
2013-12-01,0.15586809975318033,-0.5987790348056863,-0.5220919974795211,-0.3762496951962938,0.2722187694220014,0.14483676505128001,-0.3830010493179423,0.06005361930294893,-0.02373992543367591,0.14503251563304603,-1.1446153895943387,0.13401015228426288,0.06904231625835199,0.8450752787035969,0.09857072449482504,-0.37556430539053237,-0.7883766580899491,-0.29495943882104836,-0.006662630590356183,-0.27121951338737244,0.17364804492717636,-0.450847553391315,-0.0634811039535762,0.1713891870952248
2014-01-01,-0.0259789189248047,-0.5844055772484185,-0.5502205419029615,-0.3187027554255066,0.11311373523927908,0.15141313708604065,-0.37833741401422305,0.16300268096514742,-0.05062510249182015,-0.02479753763736648,-1.0213763019616544,0.13401015228426288,0.13140311804008942,0.7666934835076425,0.09857072449482504,-0.3700325309810529,-0.774926098387835,-0.15479031820856437,-0.008701366574046271,-0.10416521571674422,0.014543010744454035,-0.43527526344250544,-0.10766855727526192,0.19748848835041824
2014-02-01,-0.0374370034010972,-0.5889412689122121,-0.5490107120352867,-0.25140209704950023,0.006215040397762674,0.22500587176074535,-0.36737787105048286,0.08579088471849874,-0.0569069291845511,-0.738794360336222,-1.1023700789217221,0.13401015228426288,0.10913140311804011,0.8289851741179174,0.09857072449482504,-0.3748147159418363,-0.7670290956846584,-0.1411376964423851,-0.01074010255773633,-0.08423076725783402,-0.09235568409706237,-0.44849596349219734,0.0792986647570646,0.27142327605576677
2014-03-01,0.06970444796630834,-0.5914944235533711,-0.4619029615626969,-0.1841014386734946,0.12057178371659402,0.3249040945744926,-0.34965605689634965,0.057908847184986505,-0.14582427717779395,-0.20429211741580028,-0.990989678969134,0.12588832487309734,0.06904231625835199,0.8135846454430524,0.09857072449482504,-0.38276640097472064,-0.7591556773125099,0.2182667451224104,-0.010706986034141247,0.36409102230020435,0.02200105922176898,-0.45569275953984223,-0.10103721253168829,0.39934885250637947
2014-04-01,0.17270294622397236,-0.5946374387633198,-0.3190422180214241,-0.14020970495001223,0.22249844623990045,0.36342284506380657,-0.332633788037777,0.11796246648793582,-0.18617720477800603,-0.5947821970652357,-0.8491522660514415,0.13604060913705687,0.06458797327394228,0.8305941845764852,0.09857072449482504,-0.40452646921811686,-0.7488630803417005,0.4497332284318314,-0.01482585365601255,0.6359104332098374,0.12392772174507541,-0.4822745639872703,-0.14312703343715683,0.4375456171163944
2014-05-01,0.02804951676739879,-0.5514890996704644,-0.44234404536862004,-0.09631797122653055,0.1429459291485393,0.24661395130353084,-0.32866969802961327,0.07077747989276141,-0.16796684861405026,-0.36066658096505233,-0.7824266174422301,0.13197969543147287,0.06904231625835199,0.8487530168946097,0.09857072449482504,-0.42358436790175513,-0.7366889153183679,0.3383701480301207,-0.016848031377906497,0.506336996644171,0.04437520465371425,-0.4837697698255053,-0.07857913271489658,0.29056032366852025
2014-06-01,-0.027131015828953144,-0.5437467627745127,-0.6047637051039697,-0.028041940990002585,-0.14791796146674968,0.17145541376340698,-0.32307333566514995,0.02359249329758701,-0.17048478522486593,-0.28108261850245614,-0.7893167439540469,0.13401015228426288,-0.06458797327394189,0.9121940006895756,0.09857072449482504,-0.3970109771229859,-0.7236740537602824,0.40521840889106214,-0.014817574525116478,0.5757031941159281,-0.24648868596157472,-0.4823080692566652,0.008806099330236128,0.18795937446836394
2014-07-01,-0.052253686577981545,-0.5555116459938583,-1.030321361058601,0.04023408924652469,-0.0037290242386576926,0.16581852344789794,-0.29975515914655376,0.025737265415549812,-0.1668041900825228,-0.6180250519074748,-0.7357928560650462,0.13401015228426288,0.095768374164811,0.8411676818756461,0.09857072449482504,-0.3744759391302994,-0.7085936462167343,0.49797028819262973,-0.014817574525116478,0.6647744782751526,-0.10229974873348273,-0.459496593341781,-0.0678104047569994,0.1971289756141769
2014-08-01,-0.17729587272718578,-0.5208109620673342,-0.4671455576559546,-0.1582540843696662,0.2175264139216905,0.061222892037892364,-0.29182697913023364,0.015013404825737327,-0.13755898973650155,1.1338988821663012,-0.8770849489652464,0.14010152284264055,0.12249443207126962,0.7181933111136648,0.09857072449482504,-0.3809531265596094,-0.6904360590870204,0.453614143190547,-0.010764939950428876,0.5911731329270485,0.11895568942686546,-0.4492005856362109,0.19202699745661778,0.08524570069158292
2014-09-01,-0.05875315273826501,-0.5445898605687896,-0.3396093257718967,-0.3567422579858578,0.24984462399005347,-0.04994911140687383,-0.28296607205316454,0.008579088471850065,-0.10158598770879047,1.2238270754781377,-0.7833408780056815,0.14416243654822422,0.10022271714922071,0.6198138145040797,0.09857072449482504,-0.381359465553399,-0.671473371015689,0.3862568015179853,-0.0067040262448452015,0.48784278922677576,0.15127389949522843,-0.4621052367611401,-0.1068814042130819,-0.08058728320994056
2014-10-01,-0.3790881923270549,-0.5357468269176803,-0.30422180214240707,-0.22750548646671578,0.05593536357986318,-0.11383386831597916,-0.2848315261746522,0.0471849865951744,-0.09529374914861291,0.27379759526380715,-0.7307393414815789,0.14416243654822422,0.095768374164811,0.39662107803700714,0.09857072449482504,-0.37424058990325715,-0.6521384488823835,0.43400461478449903,-0.008742762228535261,0.5292983639331119,-0.04263536091496186,-0.4606743260345405,-0.06715025093292926,-0.28700912437477105
2014-11-01,-0.7056411972028864,-0.5148045958579549,-0.31984877126654065,-0.09826871494757382,0.21504039776258552,-0.1595553119862209,-0.29275970619097497,0.032171581769437074,-0.11211585631969972,-0.1157848875027528,-0.6642774529995225,0.07106598984771674,0.095768374164811,0.18744971842316943,0.0,-0.3785385283877059,-0.6307736794960738,0.5423132103164882,-0.014560921467269033,0.6544290666361878,0.21504039776258552,-0.4428906955296287,-0.0909515674184238,-0.8511899261754202
2014-12-01,-0.6646310989004216,-0.4995551992046247,-0.6352110901071204,0.07290904657400589,0.17526413921690492,-0.21655053628748158,-0.29182697913023364,0.0042895442359248415,-0.12993403214317015,-0.11330437807211939,-0.5887660030995855,0.03248730964466899,0.0022271714922052475,-0.18951844615561456,0.0,-0.369521074077291,-0.6100984413309732,0.6151448235737461,-0.010326146012824625,0.7450788557169162,0.17526413921690492,-0.4411783132431321,-0.11367456408307641,1.142635667821331
2015-01-01,-0.7075855728780789,-0.4987041476575717,0.1557151858853182,0.24408680809558628,0.16780609073959,-0.29327487669302416,-0.2925265244257889,0.019302949061662168,-0.13120080934916276,-0.7781508115407791,-0.40165893792858415,-0.08324873096446594,0.020044543429844457,-0.4874152396276293,-0.19714144898965008,-0.3396016014054613,-0.5891540673103476,0.7550098179870796,-0.03024159538852416,0.8862106273362423,0.3649475397292401,-0.4247026163835909,-0.31779529420171626,0.6016941056604579
2015-02-01,-0.8346080403812934,-0.5032567731175985,0.16216761184625078,0.1948305291392339,-0.1976382846488502,-0.37375714397557347,-0.2976565232598827,-0.16300268096514742,-0.11904321879411486,-0.17019467076382871,-0.46733035510932014,-0.20913705583756256,-0.10467706013363001,-0.31846914147799127,-0.19714144898965008,-0.3420870407368601,-0.5648452318816635,0.7367953032336527,-0.015457137387003161,0.8558385220277676,-0.0004968356592001122,-0.43487771237758,0.16350045020637016,1.173605524984288
2015-03-01,-0.9580655435912444,-0.5063677167437721,0.62351606805293,0.14557425018288223,-0.20509633312616538,-0.4673921553276441,-0.29555788737320665,-0.20375335120643417,-0.11334619198962981,-0.3734478012058658,-0.742281678825118,-0.2842639593908621,-0.15367483296213794,-0.3676588897827838,-0.29571217348447515,-0.3381383514563816,-0.5382864098979827,0.8136598943492015,-0.0273832254459091,0.9270060863388313,0.09061584035830977,-0.4361516290737108,0.5883446703381379,1.2712657528933506
2015-04-01,-1.0212272150348978,-0.4958348954867264,0.46956521739130436,0.37624969519629314,-0.38408949658172775,-0.445157754638691,-0.2864637985309541,-0.30241286863270783,-0.1150572088733406,-0.5307848308596739,-0.45941997853510325,-0.3390862944162427,-0.2293986636971045,-0.2600850476956674,-0.29571217348447515,-0.3225586977834195,-0.512413917642611,0.8132896537589321,-0.01900474497689636,0.9283468626322727,-0.0883773230972526,-0.4381668165647078,-0.3810705670894743,1.7115853394216733
2015-05-01,-0.8351294276396215,-0.46425516152051377,0.4170384373030876,0.6069251402097048,-0.46115599751398395,-0.40820480701479667,-0.2577824414130807,-0.3538873994638071,-0.11289501106694753,-0.3869751710875493,-0.5138848266323287,-0.5076142131979686,-0.28285077951002213,-0.14423629467877266,-0.49285362247412523,-0.313494549820334,-0.49230361777625387,0.7886091515540172,-0.018317577112342942,0.9015041626209648,0.03169762496014128,-0.4168295786415581,0.11855132698166693,2.83011157437111
2015-06-01,-0.8522873384268744,-0.46912234507420564,0.2740768746061752,0.4611070470616923,-0.6326911124922312,-0.4620684255852186,-0.2542847149352938,-0.4332439678284182,-0.11414964109425263,-0.4807812063014574,-0.40530060765964204,-0.5137055837563442,-0.4476614699331845,-0.17112975520055182,-0.5914243469689503,-0.2875814916795081,-0.47824193361991507,0.8616258851064094,0.008210828068323295,0.975775526200662,-0.0412667655232809,-0.42277496892447036,-0.2113006910211339,2.7001056890644617
2015-07-01,-1.0541486583957191,-0.4683608373890524,-0.22961562696912413,0.3152889539136791,-0.4909881914232444,-0.558835042668128,-0.2573160778827089,-0.510455764075067,-0.11483682434572252,-0.6818848248616954,-0.29666865295842154,-0.49137055837563354,-0.4209354120267257,-0.3262843351338928,-0.5914243469689503,-0.26628317460345724,-0.4630397369939595,0.9378359437498739,-0.002073922290007857,1.0526727680955965,0.1004361555457059,-0.39669094190637855,-0.2680281071585414,1.7127240951938638
2015-08-01,-1.0431287614917586,-0.4718956390663962,0.2842596093257719,0.44403803950255993,-0.5854568054692356,-0.6314882956235811,-0.2477556255100845,-0.5319034852546917,-0.10178554850151533,-0.6230807185329484,-0.37879109672027156,-0.4954314720812174,-0.4654788418708237,-0.5223537524422481,-0.5914243469689503,-0.2704600578234294,-0.4451964816183251,1.0109386260107214,-0.010212307962971845,1.1127241745122367,0.005967541499714679,-0.3942285637369825,0.2768153727834519,1.20892841809038
2015-09-01,-1.1238053621694244,-0.4720618981566857,0.18212980466288595,0.5727871250914408,-0.6078309509011809,-0.652156893447115,-0.24962107963157215,-0.5319034852546917,-0.06996167565124059,-0.6431092886863621,-0.5761338348012064,-0.5441624365482223,-0.4877505567928728,-0.5200551660728653,-0.6505667816658453,-0.26800768786716644,-0.4303309425390194,0.9070266374881804,-0.007974872837723912,0.9769883131394209,0.04273583076466436,-0.3920438371277806,0.520980402627224,1.2540148353333362
2015-10-01,-1.0925079674143638,-0.45166308801244376,0.24342785129174543,0.6517922457937088,-0.6625233064014916,-0.6408831128160964,-0.24728926197971235,-0.5769436997319034,-0.06539780708718453,-0.5651413138606287,-0.4164052326449269,-0.5928934010152275,-0.567928730512249,-0.5023560510286176,-0.6899950714637753,-0.2702540287533579,-0.41880822706827403,0.8862468843593166,-0.009814909679856654,0.9516446914465012,0.02747176506228366,-0.3848496887370829,-0.27724218316633575,1.275754739101545
2015-11-01,-0.9164462612794988,-0.44177221157623814,0.16206679269061122,0.7307973664959767,-0.6550652579241765,-0.7949581147733501,-0.23166608371225286,-0.6305630026809651,-0.050507101327426335,-0.6838033532536792,-0.5787398819471155,-0.61725888324873,-0.6258351893095764,-0.5924606367084244,-0.6899950714637753,-0.2578815452631434,-0.40763116551808143,0.9671708990896031,-0.009715560109077814,1.0176780004170294,0.034929813539598786,-0.36823350248192405,0.389847765051053,1.341790602646541
2015-12-01,-0.8559852803916785,-0.41655830213035494,-0.05136735979836169,0.7546939770787612,-0.677439403356122,-0.8450638064667657,-0.22257199487000034,-0.639142091152815,-0.06285557611899384,-0.4400082218666298,-0.5333415859508084,-0.6050761421319788,-0.6302895322939863,-0.7395701643489256,-0.6899950714637753,-0.26289939718132205,-0.3945123716960916,1.0011669190032577,-0.009765234894467234,1.0640224951222517,0.012555668107653295,-0.36480430747460924,-0.07844335151669313,1.1426418306242931
2016-01-01,-0.8090256464387797,-0.4015049269970574,0.45605545053560176,0.7785905876615457,-0.677439403356122,-0.8522664996476943,-0.21697563250553736,-0.667024128686327,-0.06019013805268566,-0.9210077478980623,-0.6561364885840809,-0.6274111675126893,-0.634743875278396,-0.8834616710722907,-0.6899950714637753,-0.23823293501650158,-0.3859712119284307,1.0819190363166324,-0.011712900438276663,1.1421091743693181,0.012555668107653295,-0.3372094156875989,0.2302368798307024,0.964689841737295
2016-02-01,-0.7104598786128629,-0.40402447061842034,-0.0675992438563327,0.6830041453304071,-0.6799254195152269,-0.7633288968918812,-0.20904745248921458,-0.639142091152815,-0.06416053017229037,-0.5408904824678238,-0.6503993012783866,-0.6355329949238568,-0.6614699331848548,-0.864153545569475,-0.6899950714637753,-0.2284605025506044,-0.3888566870736547,0.9649230097915391,-0.007602311947303542,1.0290835399638294,0.010069651948548364,-0.32730430527671023,-0.00874389308553003,0.8833255395473144
2016-03-01,-0.7319017629185048,-0.3981989881415319,0.250586011342155,0.587417702999268,-0.7147296457426974,-0.6283566898927423,-0.2097469977847725,-0.6713136729222521,-0.06370240800464377,-0.6842860151969592,-0.5072333787631829,-0.6375634517766486,-0.7104677060133627,-0.7161245833812206,-0.6899950714637753,-0.2193652805589997,-0.39923770963606114,0.8866567935842571,-0.009632768800095337,0.9503592015889009,-0.024734574278922117,-0.3327980618845868,-0.22012004353910786,0.8774404684250923
2016-04-01,-0.6687738704292018,-0.37057611789514194,0.2113673597983617,0.5464520848573519,-0.7097576134244874,-0.557582400375796,-0.19179200186545353,-0.9072386058981233,-0.0633900519812483,-0.5407991705675614,-0.37937525258470706,-0.6355329949238568,-0.6971046770601332,-0.6352143431789452,-0.6899950714637753,-0.22353146262068427,-0.4130414083133561,0.9048646968985719,-0.007602311947303542,0.9682547488798201,-0.019762541960712143,-0.33386436709358563,-0.2520696222520683,0.877786225017152
2016-05-01,-0.8516699813315859,-0.34938449819998235,0.16791430371770635,0.5054864667154351,-0.7296457426973276,-0.5444296563062712,-0.18689518479654846,-0.6841823056300268,-0.06314710840749609,-0.5882199520802387,-0.2707748520091277,-0.6436548223350244,-0.7193763919821824,-0.5184461556142973,-0.7057663873829473,-0.20833014954280923,-0.42328059937467677,0.9177966718015489,-0.005530459440020397,0.9809437802090449,-0.023879355314380346,-0.29473982252992653,-0.2862611618329822,1.050118031372393
2016-06-01,-0.797915489153506,-0.33137309675195037,0.0033774417139256457,0.5162155571811752,-0.8290863890615289,-0.5149925624363895,-0.17593564183280797,-0.667024128686327,-0.06472450632564328,-0.41783013008185255,-0.13145286926114344,-0.6842639593908619,-0.7817371937639194,-0.47201471095276426,-0.7392804337111878,-0.18701921221713896,-0.42663203780118897,0.9973322843183254,-0.005364876822055886,1.0620567906439686,-0.08980595535034108,-0.2925590534332752,-0.5145307317656211,1.0910519322520142
2016-07-01,-0.6845131330570463,-0.3307485988726838,-0.34878386893509766,0.5269446476469152,-0.7296457426973276,-0.4467235575041102,-0.16357700827795227,-0.7099195710455763,-0.06155062206569706,-0.11081124682158282,0.009754270223868829,-0.7065989847715727,-0.7683741648106901,-0.5566026893460524,-0.7392804337111878,-0.1634399597740666,-0.42430988828463506,1.1287148023510256,-0.009351278349555514,1.1902654244167228,0.009634691013860164,-0.29711420602624816,-1.0742035550741085,0.8025896497714766
2016-08-01,-0.7536464152043887,-0.35009853994114865,0.06175173282923756,0.605462082418922,-0.7147296457426974,-0.4623815861583026,-0.1631106447475801,-0.7378016085790884,-0.06369199613719716,-0.5683251094758169,0.03247000436498793,-0.7025380710659889,-0.7817371937639194,-0.5425813124928172,-0.7392804337111878,-0.15300057316967045,-0.4147002168476358,1.0569211850343447,-0.005290364643971701,1.1206131811715419,0.024550787968490417,-0.2896864875658383,2.32879893828791,0.8521885577554309
2016-09-01,-0.66299073655499,-0.3297507877582765,-0.009729048519218651,0.6839795171909288,-0.7022995649471722,-0.48837391372426203,-0.15261746531421178,-0.7206434316353887,-0.06540301302090795,-0.6924653883497772,0.09171327979650037,-0.6984771573604052,-0.7951002227171489,-0.5389035743018046,-0.7392804337111878,-0.1463885663969937,-0.3967137289451589,1.0732911082755359,-0.007345658889458373,1.1386941212964439,0.03698086876401563,-0.30329348660021715,1.8245539718927124,0.9062361747312438
2016-10-01,-0.5957330604973538,-0.3181129080106798,0.11669817265280404,0.7766398439405023,-0.7545059042883779,-0.5306505910905819,-0.14095837705491368,-0.707774798927614,-0.06383602697020738,-0.18819898135519833,0.039287313663786065,-0.6944162436548214,-0.7817371937639194,-0.4333984599471327,-0.7392804337111878,-0.1483772406761513,-0.3709162541668012,1.1986770510336962,-0.00328474518387456,1.2625130780039036,-0.015225470577190148,-0.2861484325789222,-0.5716289532883415,1.2243942702410902
2016-11-01,-0.6245794184588055,-0.2962693371605423,0.3539256458727158,0.8693001706900753,-0.749533871970168,-0.4464103969310262,-0.12859974350005798,-0.7335120643431636,-0.06242695424244544,-0.012304104539050379,0.25988058786145163,-0.6883248730964456,-0.8040089086859685,-0.537524422480175,-0.7392804337111878,-0.1341925757632397,-0.3435031522565314,1.3317587089181677,-0.0033095825765692144,1.394185663160613,-0.010253438258980174,-0.25303328877842146,5.614872935458608,0.8304932357701212
2016-12-01,-0.6493480768323957,-0.21378661171735314,-0.025960932577189667,0.8527188490612048,-0.769422001243008,-0.4407735066155171,-0.12253701760522287,-0.6991957104557641,-0.06210245104036245,-0.5152745916794371,0.6795229501651133,-0.6822335025380701,-0.835189309576837,-0.36306171704401813,-0.7392804337111878,-0.1305011082673011,-0.32033151572250324,1.393853345057616,-0.009450627920334242,1.4559557960979785,-0.03014156753182018,-0.25285305777168116,1.6147507043788232,1.214045673017288
2017-01-01,-0.5772758421166562,-0.24052276681553228,0.7012476370510397,0.8361375274323336,-0.7296457426973276,-0.3270962185860802,-0.1066806575725773,-0.6798927613941019,-0.061718947256082554,-0.27399199435307725,0.7564446267571703,-0.6862944162436538,-0.8218262806236077,-0.34283415699344916,-0.7392804337111878,-0.11819093805390846,-0.29239599813566314,1.3521021070656423,-0.00943406965853788,1.413821054321725,0.009634691013860164,-0.20860190432120715,0.11319952707022796,0.954094602050782
2017-02-01,-0.4913643672255855,-0.2381951395514789,0.5968998109640832,0.8112655449890268,-0.7569919204474829,-0.24598763015736327,-0.08639384400139884,-0.7099195710455763,-0.06206600950429967,-0.4433512974628592,0.7383616855243021,-0.6862944162436538,-0.835189309576837,-0.32766348695552255,-0.7392804337111878,-0.1026808292006016,-0.25007334109007734,1.305650135865071,-0.011472805642227968,1.3677161453693707,-0.01771148673629508,-0.19384556744184775,-0.02390517506930878,0.7507325043841517
2017-03-01,-0.3155306678198651,-0.1816049582668516,0.7803906742281034,0.7863935625457207,-0.7172156619018023,-0.3236514522821574,-0.06260930395243049,-0.7142091152815014,-0.06164085825023356,-0.3077344786903256,0.7077541836522933,-0.6862944162436538,-0.8485523385300663,-0.41041259625330445,-0.7392804337111878,-0.09754077818867571,-0.2023497059046469,1.3555665011603053,-0.011472805642227968,1.4172073594105388,0.022064771809385486,-0.18384729904626557,-0.0414532639925308,0.7886001921890367
2017-04-01,-0.44634950740894275,-0.16126567298209604,0.5317706364209199,0.7654230675445012,-0.7246737103791174,-0.38409144288734043,-0.061909758656872906,-0.7206434316353887,-0.061654740740162216,-0.31499408817607666,0.8003938602144146,-0.6741116751269026,-0.8530066815144762,-0.37455464889093226,-0.7392804337111878,-0.09146656181141402,-0.156676087377487,1.4142893033526582,-0.005406272476547125,1.4759440440928204,0.01460672333207036,-0.1626103928520956,0.13089244641983422,1.025461689034289
2017-05-01,-0.4896614563282414,-0.12044598744397496,0.7198991808443604,0.7444525725432817,-0.7470478558110627,-0.3966178658106946,-0.06284248571761657,-0.7142091152815014,-0.061694652898707285,0.03734927699797935,0.9048194072436138,-0.6781725888324863,-0.8930957683741644,-0.43316860131019436,-0.7392804337111878,-0.07859211520038388,-0.10999435629563815,1.3613184531877023,-0.007428450198440739,1.4230131060864095,-0.00776742209987491,-0.08288191266943291,0.13046770124051799,0.91562007174817
2017-06-01,-0.5464698485722905,-0.05873435908948774,0.04874606175173283,0.7542062911485,-0.7445618396519578,-0.42699444139982784,-0.05934475923982701,-0.6841823056300268,-0.061217442307408595,-0.7431644182505582,0.5790610867645414,-0.6761421319796944,-0.9153674832962134,-0.5163774278818529,-0.7392804337111878,-0.04883707434081654,-0.0616404622212307,1.2520578104235924,-0.00743672932933892,1.313275252731001,-0.005281405940769979,-0.10761912637243984,-0.3600257884293646,0.8269037691119298
2017-07-01,-0.6835563091243579,-0.0968928728922956,0.4881159420289855,0.7639600097537184,-0.749533871970168,-0.3646754873561417,-0.06587384866503397,-0.6927613941018766,-0.04972621126893764,0.4470322872515974,0.5341700840189276,-0.6761421319796944,-0.8841870824053447,-0.4823583496149869,-0.7392804337111878,-0.031214376370698765,-0.016804746523833874,1.166241330750462,-0.003359257361958523,1.2159675420193996,-0.010253438258980174,-0.09534078663410472,-0.07752377732103999,0.7560260699275168
2017-08-01,-0.6082746109964856,-0.09501707010046423,0.8012602394454946,0.7654230675445012,-0.7520198881292729,-0.3527753855789556,-0.054681123936108036,-0.7292225201072385,-0.05225282443595878,0.21670226485883323,0.1455316728581527,-0.6761421319796944,-0.8752783964365252,-0.43178944948856474,-0.7392804337111878,-0.011716344892930287,0.01680474652383472,1.071327510859287,-0.005397993345648833,1.1235803352952458,-0.012739454418085105,-0.0680523218488139,-0.7275555535360232,0.8170078865910277
2017-09-01,-0.5626383737620577,-0.06884948003944805,0.5441713925645872,0.766886125335284,-0.7321317588564327,-0.36342284506380657,-0.037192491547160894,-0.7163538873994638,-0.051883203141607534,-0.2578673349245147,0.24280576048881394,-0.6741116751269026,-0.8752783964365252,-0.36306171704401813,-0.7392804337111878,-0.0018279408482038309,0.03903044027590658,1.0200095204723192,-0.005406272476547125,1.0718927236139266,0.0071486748547551215,-0.07062972794551632,0.668404930145156,1.0009946739158528
2017-10-01,-0.5762908468487205,-0.0653493156725812,1.0053182104599874,0.6878810046330159,-0.7371037911746426,-0.38002035543725055,-0.026932493878978624,-0.6970509383378016,-0.0518016435132765,1.3472972706458561,0.016904111462117653,-0.6741116751269026,-0.8841870824053447,-0.31961843466268264,-0.7392804337111878,0.001827940848203594,0.05663823985902878,1.147372283524953,-0.007445008460237212,1.1991739270382293,0.002176642536545148,-0.039656261755791074,-0.9303801053645249,1.188981342200473
2017-11-01,-0.5544823391157322,-0.032005644598744394,0.7254442344045369,0.6088758839307487,-0.749533871970168,-0.3530885461520396,-0.010842952081146976,-0.6841823056300268,-0.05111098963932431,0.10962310436933768,0.04871471550921729,-0.6741116751269026,-0.8841870824053447,-0.2026203884610967,-0.7392804337111878,0.018916889952995893,0.07754113278599176,1.188918566904456,-0.009483744443927189,1.2400295565437802,-0.010253438258980174,-0.011815511871177778,1.8818264490498446,1.7426111401411755
2017-12-01,-0.44850757446737194,0.032005644598744394,0.4817643352236925,0.4913435747378684,-0.7047855811062772,-0.33617787520551157,0.010842952081147307,-0.6906166219839142,0.01276581714504871,-0.04457658752109863,0.08602301913919602,-0.6700507614213188,-0.8930957683741644,-0.1780255143087004,-0.7392804337111878,-0.009033112062208774,0.10290790839945217,0.8648258216365939,-0.01153903868941375,0.8520600044915452,0.034494852604910586,-0.02189935148904862,0.7658528483640563,1.8883690717644623
2018-01-01,-0.4945263982459806,0.03872194738656682,1.0300189035916825,0.3738112655449887,-0.7594779366065879,-0.19212401158694134,0.020869767984143826,-0.6756032171581768,0.03718858755209191,-0.18334867535529137,0.3754771044477973,-0.6619289340101513,-0.8930957683741644,-0.06194690265486742,-0.7313947757516018,-0.003570183465608016,0.123622801555283,0.5735588715595709,-0.007494683245626632,0.536370284007479,-0.028083160854986078,0.03257040548071208,3.3648445288839293,3.101430472760616
2018-02-01,-0.6526380515675543,0.05737118849271574,0.9820289855072464,0.44257498171177717,-0.6898694841516471,-0.18304235496750954,0.019004313862656174,-0.6970509383378016,0.037511355442933755,-0.38475217404810014,0.30997397593714754,-0.6192893401015218,-0.879732739420935,-0.12285944144351237,-0.6899950714637753,0.004760045509789139,0.13865636237460865,0.4341302321276256,-0.005629809010799236,0.3966188766846918,0.00012558731212819474,0.06766202748574361,-0.1744530564839185,1.4898517591883058
2018-03-01,-0.7963734681328709,0.10438736058883427,1.0981726528040328,0.5113386978785663,-0.6848974518334369,-0.19682142018319881,0.022502040340445402,-0.6991957104557641,0.06944975883512026,0.03029189432517164,0.49774934130762777,-0.5949238578680193,-0.8663697104677055,-0.09918400183886937,-0.6899950714637753,0.049097905542165594,0.15326551374041364,0.3501914011622897,0.002425785353182386,0.2807416423271694,0.00509761963033839,0.08397641963420377,0.6057778392614317,1.9844069258563246
2018-04-01,-0.6832885877101872,0.11132611188172,1.4500315059861373,0.589368446720312,-0.6699813548788068,-0.18930556642918658,0.039990672729392544,-0.6520107238605899,0.12504566037703108,0.4654342407256226,0.4919692727542669,-0.58477157360406,-0.8841870824053447,0.002413515687851736,-0.6899950714637753,0.045780813366509014,0.16321185464768556,0.29552802258467537,0.014616805600831784,0.1704823622076443,0.020013716584968422,0.12224950053478728,-0.011612408241819416,-78.43560635716729
2018-05-01,-0.5178185951804211,0.16432786780093167,0.9401890359168242,0.6673981955620576,-0.6600372902423867,-0.17897126751741962,0.06354203101317481,-0.6648793565683646,0.125207044322452,-0.35194609168223023,0.2781924987752552,-0.5563451776649737,-0.879732739420935,0.10975749913802992,-0.6722523410547068,0.0740203312793283,0.1679594957253417,0.45988178746867747,0.02469457768670702,0.3346747431462255,0.012215050812320105,0.20564136733093313,-0.4345327763707527,-1.6306062813288702
2018-06-01,-0.3791740770324478,0.2453853320611605,0.31914303717706366,0.5562058034625695,-0.5108763206960845,-0.24786659359586644,0.08779293459251467,-0.6026809651474531,0.18943438397752418,-0.13472174310414048,0.20248363332002445,-0.48121827411167417,-0.8440979955456566,0.0796460176991148,-0.5914243469689503,0.09234790768287394,0.17972405805077526,0.3275273878865202,0.020310777876092145,0.138093003908996,0.08054802627286584,0.21041537231247728,-0.2721456034527878,-3.112102786259222
2018-07-01,-0.20643109020777628,0.23882297287545803,0.5867170762444864,0.44501341136308226,-0.4661280298321939,-0.37156501996398633,0.10644747580739188,-0.5447721179624665,0.28606692574863496,-0.1606249312034548,0.26733383415394324,-0.3532994923857859,-0.7772828507795096,0.09550626364785626,-0.48299655002464276,0.060403158195224675,0.2020447234637253,0.18549384144446598,0.02386666459688369,-0.10057308430416897,0.016868520192448833,0.23205112193713143,0.3202737908768327,-3.890478024917756
2018-08-01,-0.31201929104739395,0.26194992022193536,0.23717706364209198,0.8712509144111192,-0.29210689869484147,-0.4673921553276441,0.10271656756441624,-0.49758713136729216,0.27205949341058944,-0.44663059208009803,0.18883768760040198,-0.2720812182741107,-0.6481069042316255,0.059648316285481784,-0.39428289797930016,0.08118028310950032,0.2286370448675242,0.32609270559922704,0.0113030834588137,0.0540332121886376,0.1021759992844587,0.2594555532916303,-0.2936259332903576,-7.835797964366111
2018-09-01,-0.45020126771718794,0.2788339413571091,0.572703213610586,1.297488417459156,-0.2747047855811064,-0.4482893603695293,0.10061793167774283,-0.4589812332439699,0.27491060977969356,0.12519518957619097,0.12867044264370184,-0.20710659898477074,-0.6169265033407569,0.1509021951499827,-0.39428289797930016,0.10310036035864562,0.2574658445532981,0.2853464063522694,0.03958045504173155,0.010435796572575817,0.11957811239819377,0.2582592106191478,-0.31861883992150764,-2.9707278938120916
2018-10-01,-0.28642317179994875,0.28960460547943007,1.1890107120352866,1.055596196049744,-0.10316967060286136,-0.38315196116808886,0.13606155998600894,-0.3109919571045575,0.3892762971234614,-0.07774371441711621,0.18132295121691763,0.044670050761422164,-0.4699331848552336,0.18170325249971236,-0.19714144898965008,0.10764075252082869,0.2803281167147822,0.09973025328423198,0.04670878674511115,-0.28954604383922944,0.09397177838678872,0.3165932996249209,0.4092043789653741,-2.108668699635387
2018-11-01,-0.4612837148360638,0.34492423890122753,0.1762822936357908,0.8137039746403312,-0.031075201988812928,-0.4601894621467159,0.12673428937857034,-0.24235924932975852,0.4415056948576653,0.46106891689726576,0.0880093108943049,0.14619289340101607,-0.4342984409799552,-0.14929318469141503,-0.19714144898965008,0.1397810205584722,0.2879712905140531,-0.007824638188995023,0.05852724610234204,-0.4493303330466603,0.16606624700083716,0.35545944453742495,-0.5146267457944753,3.0824545882514
2018-12-01,-0.4903711946351062,0.38044569879972095,0.042596093257718966,0.9005120702267736,0.31696706028589194,-0.42198387223048595,0.14515564882826149,-0.11367292225201059,0.5271606577176665,0.06900453488283421,-0.18945339759047808,0.28223350253807183,-0.19376391982182606,-0.3375474083438687,0.09857072449482504,0.17503871901797408,0.2929611361551013,-0.28766041004145404,0.03350771252787696,-0.8148210677591206,0.2183963357910669,0.39392537023575214,-3.152651755426228,1.2501469772820757
2019-01-01,-0.4329097547490059,0.3682995485924584,0.6532577189666037,0.987320165813216,0.20758234928526792,-0.36592812964847726,0.16450973533869628,0.08579088471849874,0.5279398124649143,0.792023490323501,0.11256489328435192,0.3126903553299501,-0.05122494432071238,-0.27778416273991513,0.09857072449482504,0.19841571702756822,0.3046875369236435,-0.28959095026215065,0.04357720548285415,-0.8175307627270649,0.10901162479044288,0.4400109964107165,-1.594156107602102,1.317310987203723
2019-02-01,-0.26770484464512956,0.3794312104617506,0.439521109010712,0.9795171909290417,0.2597886886264761,-0.32521725514757704,0.18782791185729247,0.10294906166219848,0.5256700253615736,0.25727008012936864,-0.028613119315452993,0.330964467005077,0.04677060133630307,-0.17365820020687292,0.14785608674223757,0.21797322762741025,0.3137221916191662,-0.29622883513054293,0.04350269330477008,-0.8218988604921165,0.11193260188423851,0.5003870553055191,-1.2541922128702503,1.8727434394699307
2019-03-01,0.06396361677622532,0.38068918626374065,0.9025834908632641,0.9717142160448672,0.3940335612181477,-0.3346120723400924,0.2423924449108076,0.08793565683646117,0.5373764349939392,-0.1502714115406232,-0.0614027103375764,0.34314720812182836,0.055679287305122484,-0.11136650959659838,0.14785608674223757,0.19768135321738572,0.32109266022622845,-0.2384250229747507,0.04549175450307075,-0.7758014579686898,0.24617747447591012,0.4047727582908758,1.1459635232574885,3.0046023131384274
2019-04-01,0.033132330483644536,0.37324626967391217,0.5235034656584752,0.5844915874177031,0.3741454319453074,-0.2738589211618258,0.2566165325871513,0.19731903485254693,0.5718067453283252,0.1703826660701405,-0.21228806651285986,0.37969543147208207,0.15367483296213832,-0.0024135156878520624,0.24642681123706262,0.231691578765108,0.3280096913184492,-0.2556345989831605,0.01068421842417061,-0.8274413443114856,0.1277186207082448,0.46749578676310727,2.4573077531228567,113.46887966804553
2019-05-01,0.0848860765935244,0.41481796970838913,0.1809199747952111,0.19726895879053832,0.5407085146053451,-0.3314804666092537,0.2901947067739297,0.2873994638069705,0.6541333812279236,0.5531705201227016,-0.2777952404242325,0.5786802030456862,0.19821826280623617,-0.052062981266521424,0.3627402661409561,0.2832544109670858,0.3203891724037573,-0.3413519070696121,0.022105279498284447,-0.9954852882975358,0.17796824846438897,0.5240621231644613,0.3085768078602966,6.366912891759598
2019-06-01,0.006236130063443019,0.4340044739859366,0.1472463768115942,0.23238234576932393,0.6674953387197018,-0.24692711187661487,0.3041856126850873,0.46541554959785525,0.8252038339966558,0.8291877647112498,-0.44553454509266527,0.765482233502539,0.36302895322939877,-0.21296402712331933,0.5421389847215378,0.3723963685517675,0.29363430220310727,-0.6529358095376685,0.027459807406717163,-1.4781396435343241,0.12535635399816403,0.5149486850716047,0.6038235371213387,1.1594780358545194
2019-07-01,0.04077580886776058,0.40691399203021145,-0.3970762444864524,0.2674957327481102,0.8241143567433187,-0.1930634933061929,0.3298356068555433,0.64343163538874,0.881231828037597,1.1293905154162045,-0.6043650682883863,0.848730964467006,0.5723830734966592,-0.16883116883116897,0.6367668802365698,0.37737550820374194,0.26306886849271327,-0.7419456143018648,0.008771739186678618,-1.6231774423394618,0.18734747650674888,0.5764560668052292,0.3564942942026783,1.1435299218905264
2019-08-01,0.3997943677382447,0.4076098171117935,-0.7156647763074985,0.22555474274567183,1.0950901180857675,-0.2895169498160183,0.3825346857875705,0.606970509383378,0.8641251298229723,0.10294883587893046,-0.7877317559506828,0.944162436548224,0.7015590200445433,-0.2577864613262846,0.7392804337111878,0.38030921422630654,0.23365680687983928,-0.5243367073710928,0.00022767609970086866,-1.3884618371940651,0.3558096843745797,0.5530287037872664,0.30340384857385394,1.1230882658712318
2019-09-01,0.5266988862359298,0.4027413506947507,-0.43377441713925646,0.18361375274323274,0.9459291485394654,-0.2967196429969465,0.4002564999417037,0.6970509383378016,0.8307550946568899,0.3793773641676299,-0.5930080102979716,0.8791878172588838,0.7238307349665922,-0.2026203884610967,0.7392804337111878,0.39222125559822996,0.2026552547176841,-0.4064811937614455,-0.042320847369048176,-1.2372362884183354,0.20664871482827762,0.5543574763613224,-0.24719550047554795,1.4644115789656424
2019-10-01,0.46526214051601944,0.41405466601454444,-0.6104095778197858,0.14118507681053385,0.9533871970167804,-0.3148829562358101,0.4298705841203208,0.7313672922252011,0.8270675582695822,0.0950602819831889,-0.42109061576257995,0.7715736040609145,0.7995545657015591,-0.261464199517297,0.7392804337111878,0.4134783185652528,0.17740391766477495,-0.3253191672231293,-0.08061803712155335,-1.1523867254927116,0.21410676330559264,0.6003216323658023,-0.2899073731719196,1.2043061987726515
2019-11-01,0.7348360970328219,0.43346182278846385,-0.8164839319470699,0.09875640087783429,0.9608452454940958,-0.2845063806466763,0.4625160312463556,0.767828418230563,0.8159910666177306,-0.002222669168316626,-0.009754270223868239,0.7370558375634525,0.8173719376391984,-0.1994023675439607,0.7392804337111878,0.4126660726909536,0.1619219093670271,-0.25134377499950433,-0.08863223583104407,-1.0673348416172348,0.221564811782908,0.5719229407943284,-0.9768356979264342,1.4267953994275087
2019-12-01,0.7524071738528032,0.44966695263828865,-0.6632388153749212,-0.0021945866861741875,0.9310130515848352,-0.20746887966804975,0.4860673895301375,0.767828418230563,0.8086784650477948,0.09784528174566239,0.10735198991238903,0.7390862944162444,0.7861915367483296,-0.12975520055166095,0.7392804337111878,0.39611450728672437,0.15402889392353664,-0.26742940635888923,-0.08864051496194225,-1.076107871406684,0.19173261787364737,0.5339150766128382,-12.005640345056648,1.5989253516312647
2020-01-01,1.0948526162032455,0.45126565694630416,-0.5570762444864524,-0.10314557425018335,0.9608452454940958,-0.12604713066624929,0.563250553806691,0.7506702412868633,0.8037657989242804,0.2275035322656655,0.1798293892698987,0.7532994923857876,0.9153674832962139,-0.16745201700953938,0.7392804337111878,0.37654742664865143,0.15362095695582823,-0.19172842852703745,-0.07034984502501884,-0.9954942274513178,0.221564811782908,0.5111331827739283,0.6751379216785749,0.752735816010318
2020-02-01,0.6879006695659785,0.4635855068512921,-0.4456710775047259,0.021214337966349094,0.9658172778123058,-0.22062162373757147,0.5236096537250777,0.6091152815013405,0.7967256412191948,0.18540909638849334,-0.11526479372703916,0.7796954314720822,0.9376391982182628,-0.3543270888403633,0.7392804337111878,0.3965798805800935,0.1621433370165358,-0.1906705982691258,-0.04599264192241437,-0.9873962394883206,0.22653684410111796,0.5267495568736472,-1.6409674981103497,0.6226496101656207
2020-03-01,0.33935742844595096,0.47563236343518733,-0.9790044108380592,0.14557425018288223,0.35177128651336215,-0.3333594300477568,0.5268741984376809,0.5211796246648793,0.8786167139972805,0.8693873575868734,-0.8233733544826878,0.4873096446700515,0.8975501113585747,-0.841397540512585,0.5973385904386396,0.4952255088797132,-1.2001307896295774,-0.28036138126185967,-0.10392379060008211,-1.1589780952591402,-0.24556730392527742,0.6008384437627945,6.143320417789794,0.396197295566935
2020-04-01,0.05039862019521413,0.46475291250070155,-1.816710775047259,-0.02657888319921979,0.08576755748912383,-0.39317309950677226,0.49422875131164606,0.2101876675603218,0.9757663785182348,2.0612094165274226,-0.4285422438947819,-0.11370558375634418,0.49220489977728293,-1.0464314446615333,0.11631345490389353,0.5212261843426707,-1.1864622881492737,-0.4375880147831773,-0.12389926367479598,-1.413354393301412,-0.030545897414769693,0.692469850455076,-0.47952864692345054,0.375727527601145
2020-05-01,0.01570001977165234,0.5006692377386326,-1.3804662885948331,-0.1987320165813218,-0.12554381603480663,-0.30235653331245593,0.5247755625510071,-0.0042895442359248415,0.9055869213062381,1.349896980269994,-0.4431380497042202,-0.38375634517766394,0.095768374164811,-0.864153545569475,-0.201084277969443,0.6180877185827947,-1.16215088616064,-0.261869186065731,-0.08610089155890888,-1.1674561073719691,0.07554046193463637,0.7070300204679933,0.03405919957105086,0.34988751115197214
2020-06-01,0.12958647775237578,0.461087515334226,-0.5860113421550095,-0.3684467203121194,-0.2026103169670604,-0.1808502309559228,0.5592864637985299,-0.14155495978552282,0.9923611599167395,0.49505270346174823,-0.4034348688460854,-0.40406091370558284,-0.2605790645879732,-0.669233421445811,-0.33119763430261207,0.6129233421350463,-1.1262051272186007,-0.5165153749016549,-0.06359200442933521,-1.5088765348183943,0.12858731733555168,0.574294148252876,-0.08959551292116608,0.270234906327921
2020-07-01,0.2005020583068681,0.4398617714739298,-0.4657340894770006,-0.538161424042917,-0.5183343691733996,-0.10944962029280526,0.5993937274105153,-0.4353887399463806,1.0165444573725133,0.23784996416315193,-0.012121638727105956,-0.5685279187817248,-0.4253897550111356,-0.6133777726698082,-0.49285362247412523,0.583576381431603,0.054507071019472726,-0.5064593760123763,-0.02826288310384628,-1.5230038333848896,-0.02548074669927436,0.5363593088566019,-0.9699539140933044,0.17843753909831336
2020-08-01,0.002786440566762789,0.4227640253044796,-0.5319722747321991,-0.22214094123384578,-0.4909881914232444,0.04994911140687383,0.6224787221639251,-0.5898123324396783,1.0343661038184655,0.666231938961851,0.1377572217482366,-0.4710659898477148,-0.4699331848552336,-0.5763705321227447,-0.49285362247412523,0.5873419690642793,0.08511916783028704,-0.6170026379642051,-0.014389129501130915,-1.6513687417826706,0.001865431050880828,0.4988374782529109,-12.36457081831593,-0.08666145929236471
2020-09-01,0.12721418437073762,0.4333368718980765,-0.15198487712665407,0.09387954157522543,-0.44126786824114367,0.07312299381507847,0.6635187128366549,-0.519034852546917,1.0003349150695295,0.6209090827039079,0.09411543874595854,-0.45076142131979596,-0.5011135857461021,-0.6411906677393405,-0.49285362247412523,0.6422611903319673,0.1303278544695889,-0.4608206118225747,-0.012433184826423083,-1.4611555268921044,0.05158575423298156,0.4985884420461084,-0.3168021425550904,-0.11404251105664054
2020-10-01,0.12416405067750197,0.43885626317941645,-0.11558916194076875,-0.012923677151914198,-0.46115599751398395,0.13888671416268697,0.6952314329019453,-0.48042895442359257,0.9439477116016834,0.9158504355062729,0.0388148108593123,-0.4345177664974609,-0.5144766146993315,-0.6494655786691187,-0.49285362247412523,0.6225661660353654,0.17953977845016367,-0.2604609495348856,-0.006383209922538491,-1.204408661136569,0.03169762496014128,0.5105499527028943,-0.5875829579450473,-0.21384769066174816
2020-11-01,0.022226176325051392,0.45172902718868513,-0.2081411468178954,-0.11972689587905452,-0.3592293349906775,0.23095592264933842,0.7124868835257067,-0.46541554959785525,0.884862099153949,0.4374065556057418,0.13435261249956043,-0.42639593908629336,-0.5590200445434295,-0.5952189403516839,-0.49285362247412523,0.6059805907741557,0.22311176891489562,-0.11465888279901887,-0.0003001184950610636,-0.9995209819529678,0.13362428748344773,0.48603549131044,2.46137491141032,-0.38801843656533946
2020-12-01,-0.022088812267011385,0.5366066019355201,-0.2522999369880277,0.010972933430870245,-0.38160348042262277,0.3809598371565021,0.7299755159146538,-0.4632707774798928,0.9009848758948783,0.12796441756892935,0.3517168478399382,-0.4284263959390854,-0.572383073496659,-0.4561544650040226,-0.49285362247412523,0.7014497162246954,0.25904097905993134,-0.3184697163031476,-0.002330575347853081,-1.219454592198026,0.11125014205150247,0.5446366357064107,1.6178638531579645,-0.8351553396570229
2021-01-01,-0.4100511692820228,0.5290343727199108,0.30028985507246375,0.14167276274079432,-0.40397762585456803,0.5688561810068113,0.7414014224087662,-0.519034852546917,0.9021301813139951,0.23950589005077133,0.5645178711645054,-0.42030456852791787,-0.5857461024498882,-0.34375359154120244,-0.49285362247412523,0.6786130250349117,0.2878389561790555,-0.39903671332138807,0.001713780095934092,-1.3011668946353832,0.0888759966195572,0.6071704977372537,0.6050350576933698,-1.6548370548111875
2021-02-01,0.07734312478462523,0.5444587519343174,0.11034656584751103,0.029017312850524214,-0.37663144810441285,0.6396304705237609,0.7887373207415165,-0.5554959785522788,0.8826409007653587,-0.5925275653783132,0.5224036314753212,-0.3614213197969534,-0.5946547884187079,-0.1819331111366511,-0.49285362247412523,0.7110807459743127,0.3144987533680272,-0.2622526495342238,0.019822309153096296,-1.1448935502995825,0.11622217436971238,0.6349389990733876,-0.07460213722252862,-3.515745245753152
2021-03-01,0.14959308905458868,0.5631831688328349,0.6827977315689981,-0.08363813703974658,-0.3965195773772529,0.7032020668597821,0.8055264078349057,-0.5490616621983914,0.8278536542617941,0.34511836756703296,0.41907034264139603,-0.33096446700507515,-0.6080178173719374,-0.10975749913803023,-0.49285362247412523,0.7401932852233444,0.34505939974360145,-0.035863751462781,0.0054269703037921335,-0.8637174057245751,0.09633404509687232,0.6064692472615524,-0.1978035423339256,-6.406870349473254
2021-04-01,0.5040416933861496,0.5798380705735201,0.1936231884057971,-0.11533772250670615,-0.38657551274083274,0.9048774759257807,0.8342077649527788,-0.4782841823056321,0.7799330343392061,0.6134471694172727,0.39273478393312483,-0.33096446700507515,-0.6080178173719374,-0.126537179634525,-0.49285362247412523,0.7275521289466694,0.3849845976668449,0.12454298427138563,0.009504442271172475,-0.6553900500678205,0.10627810973329249,0.6510083501837227,-0.06284281188279384,-7.151079852888469
2021-05-01,0.4561547054044316,0.6172571419408119,0.015677378701953373,-0.14703730797366502,-0.3567433188315725,1.1860956705550765,0.8593913955928629,-0.4589812332439699,0.7832058313398944,-0.19419657492943104,0.6867536994178263,-0.35126903553299405,-0.6302895322939863,-0.05137340535570655,-0.49285362247412523,0.7327866475471366,0.4365623831675868,0.0774232577205075,0.007548497596464532,-0.7057825736193869,0.13611030364255272,0.647278877908811,0.7486449571392362,-23.087736978746438
2021-06-01,0.2609090580888635,0.6647946697027766,-0.09814744801512287,0.061692270178004716,-0.37663144810441285,1.127221482815313,0.8614900314795361,-0.4439678284182307,0.8352530213937845,0.2177417990689315,0.6430374810422408,-0.349238578680202,-0.6213808463251667,0.07343983450178124,-0.49285362247412523,0.8524228520121473,0.49818080158994194,-0.08554210494998474,0.005501482481876263,-0.9207951263437693,0.11622217436971238,0.5979811086534677,-0.06365632746156957,15.348910989007921
2021-07-01,0.028859192075504258,0.63450626598568,0.9785003150598613,0.27042184832967514,-0.3244251087632069,1.115947702184295,0.8619563950099082,-0.4568364611260052,0.8969936600403804,-0.48544159296891487,0.6187060138522614,-0.3532994923857859,-0.5857461024498882,0.09596598092173306,-0.49285362247412523,0.8284402726590312,0.5668699585345711,-0.11208703298446987,0.01571172066212323,-1.0090806930248504,0.16842851371091833,0.6562225394944806,-0.03783833432312955,11.628575996054561
2021-08-01,0.018684453476421396,0.6493151273642771,0.5554631379962193,0.13630821750792432,-0.40894965817277823,0.9756517654427302,0.8850413897633186,-0.5726541554959785,0.9730107042673906,0.7212357732775364,0.6481929397239338,-0.35939086294416156,-0.5857461024498882,0.0044822434202963606,-0.49285362247412523,0.8509330906424167,0.6391515482213238,-0.2540081849616209,0.021852766005888147,-1.2270188892290115,0.083903964301347,0.6501943282164973,0.04765902579171222,217.67041054147418
2021-09-01,0.12276719601705664,0.7402603891886691,0.7035664776307499,0.0021945866861734944,-0.3567433188315725,0.7905738667501757,0.949399556954644,-0.5040214477211796,1.0419615611206987,0.2406684622527974,0.4442934161507771,-0.29644670050761324,-0.567928730512249,0.09527640501091819,-0.4731394775751603,0.8621741744733941,0.7119851778271393,-0.3014320377116486,0.03790600081756401,-1.3433935988323473,0.11639615874358777,0.679259807401078,-0.3145660976498722,8.297687834250043
2021-10-01,0.17814625417523192,0.7668613304896529,0.6777567737870195,-0.1636186296025362,-0.29956494717215665,0.902685351914194,0.9946368194007205,-0.4332439678284182,1.1039087018049836,0.8483992144452249,0.5482691146195525,-0.11573604060913602,-0.527839643652561,0.30697620963107664,-0.4435682602267127,0.8635378858574994,0.7873870247669028,-0.32434728567367216,0.08202134980880353,-1.4282559874786558,0.14400331305455605,0.7643280253688222,0.23402484639450472,2.9405710396875357
2021-11-01,0.580306077908351,0.831430152099486,0.3746943919344676,-0.3294318458912466,-0.09571162212554377,0.9070695999373675,1.0916404337180805,-0.3345844504021468,1.1297509568072355,0.06966097743538824,0.4582727028899939,0.06294416243654903,-0.4699331848552336,0.24560395356855505,-0.33514046328240515,0.8934142870026821,0.8659261081994878,-0.17928570011834508,0.08333152227344899,-1.3090366569255805,0.2394288411568614,0.8207014602486363,-0.16414641884762693,3.6932206780791033
2021-12-01,0.721480121750763,0.9605939657315128,1.2103843730308759,-0.33235796147281216,0.3269111249223119,1.0044625381664447,1.138743150285645,-0.1265415549597855,1.1998662075033122,0.6493742307857523,0.41973540652029623,0.39796954314720895,-0.12694877505567892,0.09757499138030089,-0.03548546081813696,0.8837837020755589,0.9480940689293084,-0.30137253475964093,0.016725914197156688,-1.5012387422629532,0.36239658574044886,0.7868114927472165,-0.0840924980402954,10.294262125543293
2022-01-01,0.8236397161602554,0.9079190833941357,0.6258349086326402,-0.33528407705437707,0.3219390926041019,1.2690832224222965,1.1716217791768657,0.11152815013404817,1.1823794761268895,0.42391819440426043,0.48273119566268347,0.38375634517766577,0.0824053452115815,0.35064935064935054,0.04928536224741252,0.8865007922526916,1.0355691748441354,-0.29958744619941396,0.0025127162276135095,-1.4819669223263034,0.2726537303566894,0.8571560009187206,0.15008452506934522,3.619237338019143
2022-02-01,0.6823444367919498,0.9123418830830413,0.6624322621298047,-0.2611558156547186,0.35177128651336215,1.4610506537226957,1.1970385915821355,0.017158176943699747,1.1674592700760325,0.003914594818797274,0.40880797008668934,0.2944162436548232,0.04677060133630307,0.5425813124928166,0.04928536224741252,0.8731646326019586,1.1217672606861366,-0.2513702207559521,0.013070677905586525,-1.4188294908319845,0.3024859242659496,0.8523387060686384,-0.15313538101575108,2.692777322186228
2022-03-01,0.7315774231759103,1.0065656304872475,1.3380214240705735,-0.18702755425506018,0.35177128651336215,1.8333985751193922,1.2257199487000086,0.07077747989276141,1.2411214969488888,1.7179746479404132,0.44665835741358156,0.4893401015228433,0.020044543429844457,0.9335708539248361,0.04928536224741252,1.000925125936794,1.2000560911094933,-0.3422180055932774,-0.0019952705464748033,-1.5833395025421662,0.3024859242659496,1.0082675750666303,0.09258720498738304,1.9638558416981207
2022-04-01,0.8976937272394147,1.085947675211071,0.7779710144927536,-0.1582540843696662,0.7992541951522685,1.8957175291630783,1.2914772064824505,0.345308310991957,1.3263599851110295,2.5009571721369492,0.4725958486906864,0.8000000000000008,0.15367483296213832,0.7991035513159404,0.42385411532774775,1.0494574460322683,1.2672252006878861,-0.36757287458761123,-0.017533129459735175,-1.6939328596986407,0.3754000798245207,1.1860010110350063,0.05807009058847212,2.372305223823954
2022-05-01,0.9199903261929446,1.1331570465278502,0.8205166981726528,-0.1294806144842722,1.0975761342448724,1.6608470993501918,1.3245890171388566,0.5683646112600538,1.521186848770228,3.921434758528358,0.2969227041238413,1.0802030456852798,0.5723830734966592,0.943224916676244,0.6229669788072942,1.168691251359866,1.3175465939843927,-0.5134344442754921,-0.032946801409522664,-2.03462129304572,0.4746091554375782,1.22319208034674,-0.37171961000830334,1.7608176692391886
2022-06-01,2.2106389626736167,1.1495220211512096,1.654593572778828,-0.5527920019507442,1.2417650714729644,1.4754560400845529,1.5892503206249233,0.7227882037533515,1.6726083723561445,1.9787967927265089,0.17254200440706005,1.2142131979695439,0.9198218262806236,1.0544764969543727,0.8378511582060129,1.2533966002248544,1.3528786213719355,-0.49307121181067454,-0.0029121842934543007,-2.165679584166819,0.4039139132669516,1.1292247339087667,-0.41889925556148855,1.3992308452071607
2022-07-01,2.8090498859624518,1.1423482492924206,-0.5740138626339004,-0.9761033894172159,1.5475450590428836,1.0213732091129724,1.7114375655823675,1.0359249329758715,1.9505497032183947,3.3933063781616704,0.06004183753428017,1.2710659898477166,0.9821826280623606,0.7731295253419145,1.0251355347461804,1.287127909359537,0.3732384394542259,-0.5493345586533817,-0.0011052639749145055,-2.4998842618717765,0.5224095242967033,1.2391369492168705,-0.6520161120150787,1.3210893849400884
2022-08-01,3.1923836946048354,1.1588066163677329,-0.5092879647132955,-0.8015118263838091,1.6867619639527658,0.9762780865888983,1.8187011775679098,1.0831099195710459,1.9520854536667556,2.022000767713072,0.23810743208884683,1.3218274111675135,1.2093541202672606,0.6163659349500057,1.0842779694430755,1.274915790733067,0.38717102057752595,-0.4728203738107742,-0.007428450198440961,-2.42490582747753,0.6024839945096903,1.2374107004976649,2.965691955262066,1.5839260920026113
2022-09-01,2.5178719566275705,1.2003765203935184,-0.6383364839319471,-0.6269202633504026,1.572405220633934,0.8178188366084708,1.7599393727410473,1.11313672922252,2.127416095532354,1.0110042222853193,0.13919738440570853,1.3340101522842644,1.356347438752784,0.4455809677048613,1.0842779694430755,1.3247204683815643,0.3907762712148705,-0.7012455951286913,-0.013594332934900866,-2.828661690661045,0.48812725119085854,1.250172023563438,-0.41540092560500697,1.8353989417927026
2022-10-01,3.116571025052266,1.192134123363347,-0.439521109010712,-0.6600829066081451,1.6842759477936609,0.822203084631645,1.9420543313512835,1.2482573726541553,1.9499041674367106,1.1888360042459816,0.15020087437291246,1.2812182741116758,1.307349665924276,0.5028157683024936,1.0842779694430755,1.3071590161142823,0.3893009791693004,-0.04948331603340127,-0.017456547498926778,-1.9993874834701117,0.5999979783505853,1.2723189288039076,0.07904954546511345,1.6351974947154166
2022-11-01,2.6595813337671865,1.2024834951611998,-0.0033774417139256457,-0.6932455498658867,1.64947172156619,0.9249197526031475,1.965838871400252,1.213941018766756,1.981844306140138,1.4623458289247417,0.23789949849167247,1.3197969543147214,1.3429844097995545,0.40627514078841503,1.1118777723016267,1.3221074031219895,0.38514112503384834,-0.13257588279240745,-0.01761385098599333,-2.1144201889325456,0.5375939492645634,1.2600170069345917,0.5838755898386152,2.2765846583875495
2022-12-01,2.763105489889229,1.4130590999110013,-0.18485192186515437,-0.7566447207998052,1.8483530142945925,1.0094731073357863,2.0469861256849664,1.346916890080429,2.0231377724330186,2.428024552567977,0.08189428316106011,1.5228426395939092,1.5790645879732734,0.21710148258820808,1.2814194184327254,1.3087072271597429,0.37785499221553603,-0.32035397645005426,-0.01844176407581677,-2.343491748883073,0.5669335958618671,1.4883722112095332,-0.6557610096688506,4.649775281592739
2023-01-01,3.2588864942172773,1.3480166451519793,-0.5188657844990548,-0.8200438917337243,1.818520820385333,1.1516480075158533,2.1978547277602836,1.4777479892761394,2.20050219907317,1.9940847403218342,0.10233245669499681,1.6020304568527926,1.5924276169265035,0.28077232502011235,1.334647609659931,1.473782443386766,0.3656277992615724,-0.5525212723053419,-0.020803386164537585,-2.753023471378512,0.483873210725402,1.5546017913348247,0.24956776889714383,4.101714823330107
2023-02-01,3.9369216273686742,1.3643000296662149,-1.0055198487712664,-1.076566691050964,1.9999999999999996,1.1907930791513344,2.3816019587268222,1.6471849865951746,2.751706461691702,1.6155358066568726,0.08916953182172951,1.8802030456852799,1.7438752783964364,0.27088840363176636,1.4785608674223756,1.500782940015194,0.34693598729861086,-1.046574282824141,-0.009705211195455421,-3.798280744515843,0.521439132577624,1.5782405320780823,-0.12862903225806022,4.395880603180214
2023-03-01,4.540525337943521,1.39311031823029,-0.7442974165091367,-1.0814435503535726,2.5692977004350532,1.198935254051515,2.5550891920251777,1.6772117962466486,3.0010394514334098,0.937366446968739,0.04794366213136847,2.3878172588832496,1.708240534521158,0.1860705666015374,2.0187284376540164,1.555864623166956,0.32644922286867495,-1.1050260160129042,-0.015852465887393752,-4.106065467446314,0.5505692627810368,1.5847160969219605,-0.46233134623585415,6.443443882336245
2023-04-01,4.7278254382750795,1.4638871721682796,-1.2401260239445495,-1.2092172640819319,3.024238657551274,1.1920457214436704,2.686836889355246,2.1340482573726547,3.0674099004712234,2.3009258081659643,0.17577994314593848,2.544162436548224,2.1358574610244982,0.30237903689231094,2.247412518482011,1.566244390847923,0.31602070851401765,-1.1078689348310504,-0.03687731880345968,-4.175278835302274,0.776826139069263,1.6836428382657855,2.666385405943564,3.942223421619683
2023-05-01,5.033435776414462,1.45396550701165,-1.1111783238815376,-0.8034625701048531,2.9073958980733376,0.9709543568464732,2.802495044887483,2.149061662198392,3.082579991340797,2.5525916897352867,0.15552947620555993,2.5522842639593915,2.349665924276169,0.11964142052637362,2.267126663380976,1.6761687476707385,0.3203888921986056,-0.9909919142099649,-0.02467801942491077,-4.073571905550762,0.6402692346923615,1.6708554266585214,-0.11520351285792552,8.115536848147311
2023-06-01,3.548792304519432,1.48732611188172,-1.1064398235664776,-0.5342599366008298,2.9272840273461775,0.8823299146637437,2.8020286813571107,2.1769436997319036,3.0959436232083988,1.6982885860415686,0.16541077201213839,2.5664974619289347,2.483296213808463,0.10286174002988148,2.302612124199113,1.7265267972111598,0.3307195970700006,-0.9646651636661739,-0.028813445308579322,-4.060608786874573,0.6246719031470644,1.6228402941332623,0.06353326744004817,8.577824120099715
2023-07-01,3.360973371421845,1.409172023957473,-1.2281285444234404,-0.5762009266032682,3.260410192666252,0.8876536444061696,2.9123236562900714,2.419302949061662,3.0072883072125602,1.8517603362753412,0.6979400414977207,2.7451776649746193,2.861915367483296,0.2292839903459371,2.464268112370626,1.7173641782570856,0.3439387520306739,-0.7095826198488618,-0.02546453686024419,-3.716870927061422,0.7961420802956263,1.5126186254394336,3.2194352460098763,3.871415719287261
2023-08-01,3.2081280178380696,1.377802166435484,-0.8502583490863264,-0.7683491831260675,3.188315724052206,0.7789869255460732,3.010026815902989,2.3378016085790887,3.2295105294347826,1.397058822929334,0.4526123781980411,2.7573604060913715,2.8574610244988863,0.3529479370187332,2.464268112370626,1.7513234144377656,0.36273706579840187,-0.8117822456414079,-0.02347547566194219,-4.04129277507619,0.7240476116815802,1.4672444295091713,-0.35150249120716304,2.207087345873132
2023-09-01,3.920039073397481,1.3986882080804355,-0.6255324511657215,-1.4003901487442092,3.2082038533250468,0.8140609097314644,3.1179899731840894,2.142627345844504,3.2850856072418004,1.296747210561591,0.5521429903521238,2.877157360406092,2.8930957683741645,0.5253419147224454,2.464268112370626,1.8991620640380122,0.3790410469649664,-0.7001084276014355,-0.011731528482797682,-3.9851940348432358,0.7439357409544209,1.6114863517409619,0.21990254122155917,1.5495830180646413
2023-10-01,3.1426127953002365,1.4091699713761114,-0.8647763074984247,-0.8688124847598154,3.2952144188937225,0.8131214280122128,3.1494695114841944,2.0761394101876682,2.9893070121324286,1.345007682903767,1.0123218860629066,2.6294416243654823,2.9955456570155894,0.43362831858407064,2.464268112370626,1.984205261941907,0.38956620228778666,-0.251403277951512,-0.03110883435011491,-3.2407102900839404,0.8309463065230966,1.6976814913994656,0.8334415246624942,1.8751575788853077
