Date,CPI National Year on Year Inflation,Advances by banks,Auto Sales,Consumer Confidence Index,Call Money Rate (End of Period),IMF Commodity Prices,National Consumer Price Index,Credit to the Private Sector,Deposits of Banks,Deposit Rate,Pakistani Rupee to US Dollar Nominal Exchange Rate,Economic Policy Uncertainty,Fertilizers Sales,Karachi Stock Exchange 100 Index,KIBOR 1 Year Interest Rate,KIBOR 6 months Interest Rate,Karachi Stock Exchange All Shares Index,Lending Rate,International Oil Prices,SBP Policy Rate,Public Sector Borrowing,Real Output - Quantum Index of Large-Scale Manufacturing Industries,Real Effective Exchange Rate,Weighted Average Overnight Repo Rate 
2012-01-01,0.32780785923966704,-0.7472874014801036,-0.4460743541272842,-1.1750792489636679,0.5257924176507148,0.5801299616378295,-0.6910341611285978,-0.6971113280559034,-0.7407548393119808,0.6262734584450402,-0.31464229595559673,-0.16990875469724784,-1.0001146171763589,-2.2276702982228946,0.49949238578680283,0.5015290519877689,-2.282986287394534,0.4387527839643653,0.8699000114929314,0.49285362247412523,-0.6690392502948976,-1.3162219712296164,0.16019186396302765,0.5058897394903583
2012-02-01,0.5038886871603796,-0.7282019868346149,0.40584751102709515,-1.130699829309925,0.6799254195152267,0.6975651765442727,-0.6686487116707457,-0.713377963563051,-0.7366802977721486,0.6176943699731906,-0.30655227494965415,0.22135462696227112,-0.9859398806958748,-2.146520368794911,0.49746192893401103,0.5015290519877689,-2.1963871253036418,0.4253897550111358,1.0078151936559012,0.49285362247412523,-0.6570215953536512,-1.3083377291882694,0.04115290275234114,0.6615487099206396
2012-03-01,0.4510356405086877,-0.7179880854066276,0.3165217391304348,-1.086320409656182,0.6177750155376008,0.6997573005558603,-0.6504605339862406,-0.7182832114877299,-0.7127711378309856,0.5447721179624667,-0.30562561874691435,-0.24010776529903882,-0.9717633958791243,-2.0750073929698205,0.5116751269035542,0.5117227319062192,-2.111874024036564,0.37639198218262826,1.1255028157683022,0.49285362247412523,-0.6522302724679169,-1.302352804109158,0.1170522237575449,0.5690967775730947
2012-04-01,0.5206248052695334,-0.7191988518373008,0.12002520478890989,-1.2048280907095836,0.6326911124922312,0.6878571987786734,-0.6306400839454336,-0.715624745256914,-0.7109546894996872,0.551206434316354,-0.30692883748897,-0.009566151972761828,-0.9575853873000912,-2.0565102027028934,0.5197969543147215,0.5219164118246699,-2.092316002165371,0.38530066815144765,1.0319503505344212,0.49285362247412523,-0.6435241684849715,-1.2935238635159632,0.2274698683662461,0.5816272943663291
2012-05-01,0.6943501509370804,-0.7128656120460869,0.3595715185885318,-1.3233357717629852,0.5133623368551894,0.5084161904016283,-0.599160545645329,-0.7312921789433116,-0.7008990648860713,0.574798927613941,-0.2937265895667882,0.15836046624018862,-0.9434066790153537,-2.072996019730227,0.5238578680203052,0.52395514780836,-2.104137814598941,0.4387527839643653,0.8154235145385587,0.49285362247412523,-0.6322303032877611,-1.2805755041792017,0.3353553317950704,0.5353813178429375
2012-06-01,0.5145275427661,-0.6838387761483632,0.7834152488972905,-1.1175323091928804,0.5755127408328153,0.4219838722304864,-0.5996269091757007,-0.7321574174185761,-0.6560051280204121,0.6155495978552281,-0.24533917092035015,0.25731402141685816,-0.9292284959738897,-2.071799390196294,0.5258883248730974,0.5280326197757401,-2.1048612066588124,0.4120267260579067,0.5067233651304445,0.49285362247412523,-0.6184839537513606,-1.2658345610032669,0.20818430047668415,0.6211039696471732
2012-07-01,0.20317646629012429,-0.693554156878152,-0.6739256458727159,-0.9117288466227755,0.605344934742076,0.5068503875362087,-0.6224787221639251,-0.7412796649967113,-0.690190323360794,0.5941018766756032,-0.24215140417047357,0.002222669168316865,-0.9150518125669295,-2.00904794325759,0.5218274111675134,0.52395514780836,-2.038017136701272,0.4387527839643653,0.6455579818411675,0.49285362247412523,-0.6146107953303871,-1.2488451682273995,0.19479613627498235,0.6258611304515581
2012-08-01,0.1469801032373133,-0.6905063301288475,-0.6808821676118463,-1.0575469397707884,0.38160348042262277,0.47240272449698556,-0.6077882709572097,-0.7423730257313518,-0.6708968522511172,0.482573726541555,-0.24130283697358249,-0.35226159801345297,-0.9008743830546837,-1.942656444748118,0.32284263959390963,0.3282364933741094,-1.9683275644218483,0.43429844097995557,0.8448454200666589,0.19714144898965008,-0.6102737505940964,-1.2290337625998247,0.18154020085551928,0.3147862129933712
2012-09-01,0.14209979707363282,-0.6882531089391521,-0.7773660995589162,-1.2033650329188008,0.2473586078309485,0.5272058247866591,-0.5935641832808659,-0.7471665520816024,-0.6662802224984544,0.38820375335120655,-0.23868945824450713,-0.8194803081809201,-0.8866946187154515,-1.9388343501448042,0.19086294416243751,0.19367991845056196,-1.9619287891414288,0.380846325167038,0.8627743937478449,0.19714144898965008,-0.5991029105895509,-1.2050943031405714,0.09660965402339063,0.2693156676741339
2012-10-01,-0.08334484581922748,-0.6797674810176314,-0.4879143037177064,-1.003413801511827,0.0037290242386576926,0.5412980505754328,-0.5900664568030763,-0.7460807889286146,-0.6675093007853017,0.22091152815013393,-0.22448767104745976,-0.542762785820869,-0.8725129724091594,-1.9011886600945076,0.07715736040609224,0.08358817533129571,-1.9308025025520001,0.33184855233853006,0.7908286403861622,0.09857072449482504,-0.566758977395662,-1.1764779299609545,0.029906844822912265,-0.004091240214742863
2012-11-01,-0.21037041792053568,-0.6702050175992816,-0.4968872085696282,-0.8034625701048531,0.0907395898073338,0.499334533782197,-0.5926314562201219,-0.721429474071313,-0.6429740754163025,0.13941018766756041,-0.2140324208199172,-0.42710554945099377,-0.8583287425741225,-1.8474859654935398,-0.004060913705582948,0.0020387359836893442,-1.8665491855530676,0.3051224944320714,0.7443971957246291,0.09857072449482504,-0.5631713695974979,-1.1458774747799072,0.007824638188994084,0.04747239438778473
2012-12-01,-0.05371177093490181,-0.6538482533013686,-0.4027221172022684,-0.816142404291637,0.08825357364822882,0.5387927659907616,-0.5637169173370628,-0.6701338446791258,-0.6230831193595268,0.1737265415549599,-0.19323471559550248,-0.4716098672321421,-0.844142435893777,-1.8206673859389142,0.0020304568527929165,0.0020387359836893442,-1.8337778429337996,0.2383073496659243,0.7480749339156415,0.0,-0.552634338101031,-1.1139270245657205,-0.10443759793194174,0.04066377687178227
2013-01-01,-0.002786440566762789,-0.6496053110542731,-0.5526402016383113,-0.8288222384784203,0.03356121814791791,0.6236592812964848,-0.5394660137577226,-0.6573087004727209,-0.6316103351370106,0.07506702412868625,-0.18824569577738032,-0.4177556479471779,-0.8299562201566134,-1.7933682127783679,-0.018274111675127953,-0.016309887869519823,-1.8045753946962866,0.22048997772828507,0.8340420641305596,0.0,-0.5375110723070563,-1.0781950245947605,-0.10449048944483817,0.028953841831722543
2013-02-01,-0.1167685300463972,-0.6508676485916566,-0.4909388783868935,-0.7980980248719831,0.0037290242386576926,0.6126986612385503,-0.5280401072636106,-0.6535580864738564,-0.6275576700145328,0.057908847184986505,-0.17941643218273526,-0.09618273237369303,-0.8157705296627232,-1.7180485148727127,-0.0020304568527929165,-0.002038735983688982,-1.7371172826414147,0.19821826280623617,0.8912768647281919,0.0,-0.5233032003691648,-1.0407776210435684,-0.11877780936576515,-0.018460189773756595
2013-03-01,-0.2502668640608477,-0.6496181396877831,-0.2694391934467549,-0.7673738112655458,0.07582349285270347,0.5165583653018081,-0.5236096537250774,-0.6552728793987865,-0.6120156516356959,0.04289544235924956,-0.177958770740223,-0.6854260003474268,-0.8015850266231448,-1.7285956836383352,0.018274111675127953,0.020387359836900324,-1.7330533093083857,0.16258351893095774,0.7807148603608778,0.0,-0.5121804774492711,-1.007498953102133,-0.04171487507685876,0.06665628443194692
2013-04-01,-0.39838280323740344,-0.6537358744718211,-0.3295274102079395,-0.6449646427700566,0.13797389683032932,0.456118374696626,-0.5194123819517299,-0.6557872323686041,-0.6200053661910849,0.05361930294906166,-0.17380443562906325,-0.406504266845977,-0.7873998019810619,-1.6526141581743583,0.024365482233503457,0.02854230377166277,-1.6495928516367349,0.14922048997772863,0.689001264222503,0.0,-0.49606402469959526,-0.9803793201819707,-0.03918930533609307,0.1227815114475039
2013-05-01,-0.5143197386291855,-0.6413421316378156,-0.22659105229993698,-0.5225554742745675,0.10068365444375373,0.40726532529554554,-0.49959193191092327,-0.67781259217541,-0.5916448257788879,0.08364611260053632,-0.1726591302099465,-0.2931014540602498,-0.7732147926330389,-1.4227844250453987,0.024365482233503457,0.03261977573904291,-1.4262749935261219,0.1135857461024502,0.7023330651649233,0.0,-0.46956636812775676,-0.9536610614671626,-0.007950255532122514,0.07991262455339514
2013-06-01,-0.41181493454293333,-0.6508050448601278,0.008519218651543793,-0.450377956595953,0.031075201988812928,0.27479840288107743,-0.4881660254168109,-0.7038468396494063,-0.5485512239693789,0.06434316353887415,-0.16788702429696037,-0.46328737803584946,-0.7590299094918809,-1.4889153997482945,-0.02233502538070982,-0.010193679918449257,-1.470484822886106,0.05122494432071278,0.7119871279163312,-0.09857072449482504,-0.43551617210163257,-0.924724797740208,0.01372204187685516,0.04404036327325729
2013-07-01,0.011552184492875468,-0.6715245708421196,-0.8170888468809073,-0.3782004389173378,-0.17526413921690492,0.22250058717607463,-0.463681940072285,-0.7098101583322137,-0.5776233360213295,-0.012868632707774906,-0.13433131082808186,-0.6751879395667482,-0.7448444676997512,-1.3022533286568494,-0.07918781725888227,-0.07339449541284283,-1.2749310404288443,0.03340757238307357,0.8384093782323869,-0.09857072449482504,-0.420581066222679,-0.8980762832799372,0.04486853153325814,-0.1624414990425373
2013-08-01,0.06355597699177495,-0.6640298265729108,-0.6983238815374921,-0.37673738112655497,-0.17526413921690492,0.2491192358882016,-0.44176285414480465,-0.7140274961460532,-0.5652926816180022,-0.12225201072386066,-0.0902856409068389,-0.5512848279279755,-0.7306579345894456,-1.3954536977592114,-0.05482233502537989,-0.06523955147808437,-1.3460193309104107,-0.028953229398663467,0.9039190897597974,-0.09857072449482504,-0.408882692158512,-0.8731880342736265,-0.04516604629329738,-0.15107240338701788
2013-09-01,-0.11682941144546982,-0.6605873910568388,-0.7046754883427852,-0.3752743233357722,-0.22995649471721563,0.17396069834807773,-0.44735921650926763,-0.6879223636395566,-0.5710958129742739,-0.12010723860590014,-0.05257559232680087,-0.28458074697110464,-0.7164712530004748,-1.4220052808661032,-0.01421319796954212,-0.032619775739042546,-1.368425258399369,-0.046770601336302675,0.9181703252499711,0.0,-0.4100971592412264,-0.8491837335538036,-0.25501973514574927,-0.21023488943161603
2013-10-01,0.160392712066134,-0.6374986730382213,-0.6773534971644612,-0.4045354791514267,0.041019266625230644,0.13857355358960297,-0.41121604290544356,-0.6665002378485052,-0.5701393665983273,0.025737265415549812,-0.03590445723368836,-0.2256112991216931,-0.7022857443929461,-1.3456952688633994,0.046700507614214,0.022426095820592566,-1.2773679824511335,0.0022271714922052475,0.8462245718882886,0.0,-0.3942046682627429,-0.8291274924153191,-0.2523487137445205,0.03509945659447018
2013-11-01,0.4622057178994253,-0.6150554918578267,-0.6078890989287965,-0.4337966349670818,-0.05096333126165322,0.12855241525092,-0.3788037775445949,-0.6239812745011035,-0.549362298023551,-0.055764075067024084,-0.01276581714504871,-0.199159931669042,-0.6881016945882882,-1.222202130065296,0.08121827411167591,0.06931702344546306,-1.1072038193178124,-0.0022271714922048515,0.7774968394437418,0.09857072449482504,-0.384537252033105,-0.8089247272337423,-0.21411476136010515,0.004091240214743276
2013-12-01,0.15586809975318033,-0.5987790348056863,-0.5220919974795211,-0.3762496951962938,0.2722187694220014,0.14483676505128001,-0.3830010493179423,-0.573956143073853,-0.5234957868049037,0.06005361930294893,-0.02373992543367591,0.14503251563304603,-0.6739183073696666,-1.1446153895943387,0.13401015228426288,0.14067278287461907,-1.0286977561027193,0.06904231625835199,0.8450752787035969,0.09857072449482504,-0.37556430539053237,-0.7883766580899491,-0.29495943882104836,0.24274886913446633
2014-01-01,-0.0259789189248047,-0.5844055772484185,-0.5502205419029615,-0.3187027554255066,0.11311373523927908,0.15141313708604065,-0.37833741401422305,-0.5797889686053083,-0.5191628447869658,0.16300268096514742,-0.05062510249182015,-0.02479753763736648,-0.6597348700394944,-1.0213763019616544,0.13401015228426288,0.14271151885830916,-0.8388049370907261,0.13140311804008942,0.7666934835076425,0.09857072449482504,-0.3700325309810529,-0.774926098387835,-0.15479031820856437,0.18963278093639419
2014-02-01,-0.0374370034010972,-0.5889412689122121,-0.5490107120352867,-0.25140209704950023,0.006215040397762674,0.22500587176074535,-0.36737787105048286,-0.5863652507661996,-0.5152600213618511,0.08579088471849874,-0.0569069291845511,-0.738794360336222,-0.6455516776991193,-1.1023700789217221,0.13401015228426288,0.14475025484199922,-0.9543926540858132,0.10913140311804011,0.8289851741179174,0.09857072449482504,-0.3748147159418363,-0.7670290956846584,-0.1411376964423851,0.08289868335492702
2014-03-01,0.06970444796630834,-0.5914944235533711,-0.4619029615626969,-0.1841014386734946,0.12057178371659402,0.3249040945744926,-0.34965605689634965,-0.5760359691054795,-0.5185680649882495,0.057908847184986505,-0.14582427717779395,-0.20429211741580028,-0.6313689604904649,-0.990989678969134,0.12588832487309734,0.1365953109072386,-0.8204966290771166,0.06904231625835199,0.8135846454430524,0.09857072449482504,-0.38276640097472064,-0.7591556773125099,0.2182667451224104,0.1674548733601224
2014-04-01,0.17270294622397236,-0.5946374387633198,-0.3190422180214241,-0.14020970495001223,0.22249844623990045,0.36342284506380657,-0.332633788037777,-0.5699595431258043,-0.5168893439941663,0.11796246648793582,-0.18617720477800603,-0.5947821970652357,-0.6171861913142812,-0.8491522660514415,0.13604060913705687,0.15086646279306942,-0.6761702999493504,0.06458797327394228,0.8305941845764852,0.09857072449482504,-0.40452646921811686,-0.7488630803417005,0.4497332284318314,0.22302061235096302
2014-05-01,0.02804951676739879,-0.5514890996704644,-0.44234404536862004,-0.09631797122653055,0.1429459291485393,0.24661395130353084,-0.32866969802961327,-0.5748967986658841,-0.4913036977467143,0.07077747989276141,-0.16796684861405026,-0.36066658096505233,-0.603002861631141,-0.7824266174422301,0.13197969543147287,0.14882772680937936,-0.6325456731361391,0.06904231625835199,0.8487530168946097,0.09857072449482504,-0.42358436790175513,-0.7366889153183679,0.3383701480301207,0.13108310527036318
2014-06-01,-0.027131015828953144,-0.5437467627745127,-0.6047637051039697,-0.028041940990002585,-0.14791796146674968,0.17145541376340698,-0.32307333566514995,-0.5649701336979283,-0.4584496706408335,0.02359249329758701,-0.17048478522486593,-0.28108261850245614,-0.5888185260050546,-0.7893167439540469,0.13401015228426288,0.14882772680937936,-0.6310580329864376,-0.06458797327394189,0.9121940006895756,0.09857072449482504,-0.3970109771229859,-0.7236740537602824,0.40521840889106214,-0.04634015394262096
2014-07-01,-0.052253686577981545,-0.5555116459938583,-1.030321361058601,0.04023408924652469,-0.0037290242386576926,0.16581852344789794,-0.29975515914655376,-0.5791111665494016,-0.4704909917823767,0.025737265415549812,-0.1668041900825228,-0.6180250519074748,-0.5746326833205339,-0.7357928560650462,0.13401015228426288,0.14882772680937936,-0.5960384070714578,0.095768374164811,0.8411676818756461,0.09857072449482504,-0.3744759391302994,-0.7085936462167343,0.49797028819262973,0.10716598300886891
2014-08-01,-0.17729587272718578,-0.5208109620673342,-0.4671455576559546,-0.1582540843696662,0.2175264139216905,0.061222892037892364,-0.29182697913023364,-0.5729940363514268,-0.45256350299073267,0.015013404825737327,-0.13755898973650155,1.1338988821663012,-0.5604462058897248,-0.8770849489652464,0.14010152284264055,0.15086646279306942,-0.7462612226407295,0.12249443207126962,0.7181933111136648,0.09857072449482504,-0.3809531265596094,-0.6904360590870204,0.453614143190547,0.210608412309574
2014-09-01,-0.05875315273826501,-0.5445898605687896,-0.3396093257718967,-0.3567422579858578,0.24984462399005347,-0.04994911140687383,-0.28296607205316454,-0.5499280541271342,-0.4638440893610484,0.008579088471850065,-0.10158598770879047,1.2238270754781377,-0.5462601868867926,-0.7833408780056815,0.14416243654822422,0.15086646279306942,-0.654487764520263,0.10022271714922071,0.6198138145040797,0.09857072449482504,-0.381359465553399,-0.671473371015689,0.3862568015179853,0.12743887200126497
2014-10-01,-0.3790881923270549,-0.5357468269176803,-0.30422180214240707,-0.22750548646671578,0.05593536357986318,-0.11383386831597916,-0.2848315261746522,-0.5240838380858714,-0.4493130907863969,0.0471849865951744,-0.09529374914861291,0.27379759526380715,-0.5320745298006008,-0.7307393414815789,0.14416243654822422,0.15290519877675948,-0.5954604144123249,0.095768374164811,0.39662107803700714,0.09857072449482504,-0.37424058990325715,-0.6521384488823835,0.43400461478449903,0.11541441375960873
2014-11-01,-0.7056411972028864,-0.5148045958579549,-0.31984877126654065,-0.09826871494757382,0.21504039776258552,-0.1595553119862209,-0.29275970619097497,-0.5215618967584603,-0.4504524287160322,0.032171581769437074,-0.11211585631969972,-0.1157848875027528,-0.5178891882315683,-0.6642774529995225,0.07106598984771674,0.08562691131498577,-0.5429411895473454,0.095768374164811,0.18744971842316943,0.0,-0.3785385283877059,-0.6307736794960738,0.5423132103164882,0.14250472756968227
2014-12-01,-0.6646310989004216,-0.4995551992046247,-0.6352110901071204,0.07290904657400589,0.17526413921690492,-0.21655053628748158,-0.29182697913023364,-0.4708489838683425,-0.4278979600387836,0.0042895442359248415,-0.12993403214317015,-0.11330437807211939,-0.5037038485185205,-0.5887660030995855,0.03248730964466899,0.042813455657493615,-0.45985324273708966,0.0022271714922052475,-0.18951844615561456,0.0,-0.369521074077291,-0.6100984413309732,0.6151448235737461,0.11240829919919447
2015-01-01,-0.7075855728780789,-0.4987041476575717,0.1557151858853182,0.24408680809558628,0.16780609073959,-0.29327487669302416,-0.2925265244257889,-0.49001451763876186,-0.4136031326794421,0.019302949061662168,-0.13120080934916276,-0.7781508115407791,-0.4895184438460566,-0.40165893792858415,-0.08324873096446594,-0.053007135575941784,-0.2997516794532023,0.020044543429844457,-0.4874152396276293,-0.19714144898965008,-0.3396016014054613,-0.5891540673103476,0.7550098179870796,0.07752345890213848
2015-02-01,-0.8346080403812934,-0.5032567731175985,0.16216761184625078,0.1948305291392339,-0.1976382846488502,-0.37375714397557347,-0.2976565232598827,-0.48425961234604015,-0.4104661014768787,-0.16300268096514742,-0.11904321879411486,-0.17019467076382871,-0.4753337704310106,-0.46733035510932014,-0.20913705583756256,-0.1936799184505594,-0.3716883333803978,-0.10467706013363001,-0.31846914147799127,-0.19714144898965008,-0.3420870407368601,-0.5648452318816635,0.7367953032336527,-0.22387430258170996
2015-03-01,-0.9580655435912444,-0.5063677167437721,0.62351606805293,0.14557425018288223,-0.20509633312616538,-0.4673921553276441,-0.29555788737320665,-0.47984191818081035,-0.4083544391264429,-0.20375335120643417,-0.11334619198962981,-0.3734478012058658,-0.4611499971678634,-0.742281678825118,-0.2842639593908621,-0.256880733944953,-0.6635109389016097,-0.15367483296213794,-0.3676588897827838,-0.29571217348447515,-0.3381383514563816,-0.5382864098979827,0.8136598943492015,-0.18251250519414156
2015-04-01,-1.0212272150348978,-0.4958348954867264,0.46956521739130436,0.37624969519629314,-0.38408949658172775,-0.445157754638691,-0.2864637985309541,-0.47574590643141307,-0.38022677670543803,-0.30241286863270783,-0.1150572088733406,-0.5307848308596739,-0.4469667862676555,-0.45941997853510325,-0.3390862944162427,-0.32008154943934636,-0.43690296873131795,-0.2293986636971045,-0.2600850476956674,-0.29571217348447515,-0.3225586977834195,-0.512413917642611,0.8132896537589321,-0.3382971833746014
2015-05-01,-0.8351294276396215,-0.46425516152051377,0.4170384373030876,0.6069251402097048,-0.46115599751398395,-0.40820480701479667,-0.2577824414130807,-0.47602347361986325,-0.3609201326992897,-0.3538873994638071,-0.11289501106694753,-0.3869751710875493,-0.43278391130042243,-0.5138848266323287,-0.5076142131979686,-0.4892966360856257,-0.4769851374174543,-0.28285077951002213,-0.14423629467877266,-0.49285362247412523,-0.313494549820334,-0.49230361777625387,0.7886091515540172,-0.42635305265636764
2015-06-01,-0.8522873384268744,-0.46912234507420564,0.2740768746061752,0.4611070470616923,-0.6326911124922312,-0.4620684255852186,-0.2542847149352938,-0.46417717139919695,-0.3339288678292434,-0.4332439678284182,-0.11414964109425263,-0.4807812063014574,-0.418600780207494,-0.40530060765964204,-0.5137055837563442,-0.5219164118246675,-0.3830907706829144,-0.4476614699331845,-0.17112975520055182,-0.5914243469689503,-0.2875814916795081,-0.47824193361991507,0.8616258851064094,-0.5820475070509719
2015-07-01,-1.0541486583957191,-0.4683608373890524,-0.22961562696912413,0.3152889539136791,-0.4909881914232444,-0.558835042668128,-0.2573160778827089,-0.48718946698699983,-0.33795307008613107,-0.510455764075067,-0.11483682434572252,-0.6818848248616954,-0.40441638147797626,-0.29666865295842154,-0.49137055837563354,-0.4892966360856257,-0.2833143372821488,-0.4209354120267257,-0.3262843351338928,-0.5914243469689503,-0.26628317460345724,-0.4630397369939595,0.9378359437498739,-0.48542186637249046
2015-08-01,-1.0431287614917586,-0.4718956390663962,0.2842596093257719,0.44403803950255993,-0.5854568054692356,-0.6314882956235811,-0.2477556255100845,-0.48557246122331615,-0.3481271331528431,-0.5319034852546917,-0.10178554850151533,-0.6230807185329484,-0.3902299467347832,-0.37879109672027156,-0.4954314720812174,-0.48521916411824556,-0.345973067464721,-0.4654788418708237,-0.5223537524422481,-0.5914243469689503,-0.2704600578234294,-0.4451964816183251,1.0109386260107214,-0.5241576242852996
2015-09-01,-1.1238053621694244,-0.4720618981566857,0.18212980466288595,0.5727871250914408,-0.6078309509011809,-0.652156893447115,-0.24962107963157215,-0.47727549038472666,-0.3480257488960716,-0.5319034852546917,-0.06996167565124059,-0.6431092886863621,-0.3760411326210072,-0.5761338348012064,-0.5441624365482223,-0.5361875637104984,-0.5426720204087885,-0.4877505567928728,-0.5200551660728653,-0.6505667816658453,-0.26800768786716644,-0.4303309425390194,0.9070266374881804,-0.5946002026608993
2015-10-01,-1.0925079674143638,-0.45166308801244376,0.24342785129174543,0.6517922457937088,-0.6625233064014916,-0.6408831128160964,-0.24728926197971235,-0.46861493097238205,-0.3370674280287187,-0.5769436997319034,-0.06539780708718453,-0.5651413138606287,-0.3618506147145676,-0.4164052326449269,-0.5928934010152275,-0.5830784913353708,-0.3940558081352766,-0.567928730512249,-0.5023560510286176,-0.6899950714637753,-0.2702540287533579,-0.41880822706827403,0.8862468843593166,-0.626403321970652
2015-11-01,-0.9164462612794988,-0.44177221157623814,0.16206679269061122,0.7307973664959767,-0.6550652579241765,-0.7949581147733501,-0.23166608371225286,-0.44671469785867324,-0.3314202543574574,-0.6305630026809651,-0.050507101327426335,-0.6838033532536792,-0.3476607222744965,-0.5787398819471155,-0.61725888324873,-0.6075433231396522,-0.5450488800340789,-0.6258351893095764,-0.5924606367084244,-0.6899950714637753,-0.2578815452631434,-0.40763116551808143,0.9671708990896031,-0.6261815428855744
2015-12-01,-0.8559852803916785,-0.41655830213035494,-0.05136735979836169,0.7546939770787612,-0.677439403356122,-0.8450638064667657,-0.22257199487000034,-0.3776003760431674,-0.31465339183706775,-0.639142091152815,-0.06285557611899384,-0.4400082218666298,-0.33347286584810076,-0.5333415859508084,-0.6050761421319788,-0.5953109072375116,-0.5152624308977333,-0.6302895322939863,-0.7395701643489256,-0.6899950714637753,-0.26289939718132205,-0.3945123716960916,1.0011669190032577,-0.6177539378854989
2016-01-01,-0.8090256464387797,-0.4015049269970574,0.45605545053560176,0.7785905876615457,-0.677439403356122,-0.8522664996476943,-0.21697563250553736,-0.3910678485461498,-0.3025284463259601,-0.667024128686327,-0.06019013805268566,-0.9210077478980623,-0.3192854622816294,-0.6561364885840809,-0.6274111675126893,-0.6156982670744127,-0.6160194090175265,-0.634743875278396,-0.8834616710722907,-0.6899950714637753,-0.23823293501650158,-0.3859712119284307,1.0819190363166324,-0.6076408122114236
2016-02-01,-0.7104598786128629,-0.40402447061842034,-0.0675992438563327,0.6830041453304071,-0.6799254195152269,-0.7633288968918812,-0.20904745248921458,-0.38203926771850494,-0.3051806678923145,-0.639142091152815,-0.06416053017229037,-0.5408904824678238,-0.3050967353990679,-0.6503993012783866,-0.6355329949238568,-0.6279306829765533,-0.6620881877406676,-0.6614699331848548,-0.864153545569475,-0.6899950714637753,-0.2284605025506044,-0.3888566870736547,0.9649230097915391,-0.6191677795819763
2016-03-01,-0.7319017629185048,-0.3981989881415319,0.250586011342155,0.587417702999268,-0.7147296457426974,-0.6283566898927423,-0.2097469977847725,-0.36724006081597604,-0.2847662068159448,-0.6713136729222521,-0.06370240800464377,-0.6842860151969592,-0.2909061172695289,-0.5072333787631829,-0.6375634517766486,-0.6279306829765533,-0.5200461913468128,-0.7104677060133627,-0.7161245833812206,-0.6899950714637753,-0.2193652805589997,-0.39923770963606114,0.8866567935842571,-0.6756382762963
2016-04-01,-0.6687738704292018,-0.37057611789514194,0.2113673597983617,0.5464520848573519,-0.7097576134244874,-0.557582400375796,-0.19179200186545353,-0.3586892932584814,-0.2602432134222406,-0.9072386058981233,-0.0633900519812483,-0.5407991705675614,-0.27671332578355373,-0.37937525258470706,-0.6355329949238568,-0.6279306829765533,-0.3930332057383496,-0.6971046770601332,-0.6352143431789452,-0.6899950714637753,-0.22353146262068427,-0.4130414083133561,0.9048646968985719,-0.6378803889830235
2016-05-01,-0.8516699813315859,-0.34938449819998235,0.16791430371770635,0.5054864667154351,-0.7296457426973276,-0.5444296563062712,-0.18689518479654846,-0.36629733215376964,-0.262974825212865,-0.6841823056300268,-0.06314710840749609,-0.5882199520802387,-0.2625185242676689,-0.2707748520091277,-0.6436548223350244,-0.638124362895004,-0.32815262851474514,-0.7193763919821824,-0.5184461556142973,-0.7057663873829473,-0.20833014954280923,-0.42328059937467677,0.9177966718015489,-0.6736100709915112
2016-06-01,-0.797915489153506,-0.33137309675195037,0.0033774417139256457,0.5162155571811752,-0.8290863890615289,-0.5149925624363895,-0.17593564183280797,-0.3205372081274211,-0.22583325553581418,-0.667024128686327,-0.06472450632564328,-0.41783013008185255,-0.24832171086589178,-0.13145286926114344,-0.6842639593908619,-0.678899082568806,-0.2297124276232426,-0.7817371937639194,-0.47201471095276426,-0.7392804337111878,-0.18701921221713896,-0.42663203780118897,0.9973322843183254,-0.751708498751981
2016-07-01,-0.6845131330570463,-0.3307485988726838,-0.34878386893509766,0.5269446476469152,-0.7296457426973276,-0.4467235575041102,-0.16357700827795227,-0.36442961722250583,-0.19707435262050224,-0.7099195710455763,-0.06155062206569706,-0.11081124682158282,-0.2341241513588312,0.009754270223868829,-0.7065989847715727,-0.6972477064220172,-0.1091498881566179,-0.7683741648106901,-0.5566026893460524,-0.7392804337111878,-0.1634399597740666,-0.42430988828463506,1.1287148023510256,-0.6929155814862301
2016-08-01,-0.7536464152043887,-0.35009853994114865,0.06175173282923756,0.605462082418922,-0.7147296457426974,-0.4623815861583026,-0.1631106447475801,-0.37579583461740446,-0.2134126255449808,-0.7378016085790884,-0.06369199613719716,-0.5683251094758169,-0.2199280191029255,0.03247000436498793,-0.7025380710659889,-0.6972477064220172,-0.055540768610071636,-0.7817371937639194,-0.5425813124928172,-0.7392804337111878,-0.15300057316967045,-0.4147002168476358,1.0569211850343447,-0.7134229918693106
2016-09-01,-0.66299073655499,-0.3297507877582765,-0.009729048519218651,0.6839795171909288,-0.7022995649471722,-0.48837391372426203,-0.15261746531421178,-0.3580214007720653,-0.17284586755505307,-0.7206434316353887,-0.06540301302090795,-0.6924653883497772,-0.20573261439246823,0.09171327979650037,-0.6984771573604052,-0.6911314984709468,0.05497359078239906,-0.7951002227171489,-0.5389035743018046,-0.7392804337111878,-0.1463885663969937,-0.3967137289451589,1.0732911082755359,-0.6650815924520699
2016-10-01,-0.5957330604973538,-0.3181129080106798,0.11669817265280404,0.7766398439405023,-0.7545059042883779,-0.5306505910905819,-0.14095837705491368,-0.3287225382560219,-0.18034171610790894,-0.707774798927614,-0.06383602697020738,-0.18819898135519833,-0.1915369498443525,0.039287313663786065,-0.6944162436548214,-0.6911314984709468,0.014887817152442915,-0.7817371937639194,-0.4333984599471327,-0.7392804337111878,-0.1483772406761513,-0.3709162541668012,1.1986770510336962,-0.7243152059399154
2016-11-01,-0.6245794184588055,-0.2962693371605423,0.3539256458727158,0.8693001706900753,-0.749533871970168,-0.4464103969310262,-0.12859974350005798,-0.2902326603073943,-0.17742862414536056,-0.7335120643431636,-0.06242695424244544,-0.012304104539050379,-0.17734356629970505,0.25988058786145163,-0.6883248730964456,-0.6850152905198764,0.2844534995292544,-0.8040089086859685,-0.537524422480175,-0.7392804337111878,-0.1341925757632397,-0.3435031522565314,1.3317587089181677,-0.6995460605498839
2016-12-01,-0.6493480768323957,-0.21378661171735314,-0.025960932577189667,0.8527188490612048,-0.769422001243008,-0.4407735066155171,-0.12253701760522287,-0.1876494548860595,-0.0914346622129731,-0.6991957104557641,-0.06210245104036245,-0.5152745916794371,-0.16315433644567043,0.6795229501651133,-0.6822335025380701,-0.6727828746177359,0.6750467591254651,-0.835189309576837,-0.36306171704401813,-0.7392804337111878,-0.1305011082673011,-0.32033151572250324,1.393853345057616,-0.70065280963066
2017-01-01,-0.5772758421166562,-0.24052276681553228,0.7012476370510397,0.8361375274323336,-0.7296457426973276,-0.3270962185860802,-0.1066806575725773,-0.20379392260346307,-0.15011180054823361,-0.6798927613941019,-0.061718947256082554,-0.27399199435307725,-0.14896692731124903,0.7564446267571703,-0.6862944162436538,-0.676860346585116,0.7164507405455843,-0.8218262806236077,-0.34283415699344916,-0.7392804337111878,-0.11819093805390846,-0.29239599813566314,1.3521021070656423,-0.6867558465377556
2017-02-01,-0.4913643672255855,-0.2381951395514789,0.5968998109640832,0.8112655449890268,-0.7569919204474829,-0.24598763015736327,-0.08639384400139884,-0.19124949194733465,-0.14703040131023273,-0.7099195710455763,-0.06206600950429967,-0.4433512974628592,-0.13477855120952992,0.7383616855243021,-0.6862944162436538,-0.6748216106014259,0.6754865622714992,-0.835189309576837,-0.32766348695552255,-0.7392804337111878,-0.1026808292006016,-0.25007334109007734,1.305650135865071,-0.708572468683793
2017-03-01,-0.3155306678198651,-0.1816049582668516,0.7803906742281034,0.7863935625457207,-0.7172156619018023,-0.3236514522821574,-0.06260930395243049,-0.16138848925340848,-0.09529843740926175,-0.7142091152815014,-0.06164085825023356,-0.3077344786903256,-0.12058862907372789,0.7077541836522933,-0.6862944162436538,-0.6748216106014259,0.692225518075489,-0.8485523385300663,-0.41041259625330445,-0.7392804337111878,-0.09754077818867571,-0.2023497059046469,1.3555665011603053,-0.6881079835628603
2017-04-01,-0.44634950740894275,-0.16126567298209604,0.5317706364209199,0.7654230675445012,-0.7246737103791174,-0.38409144288734043,-0.061909758656872906,-0.13596405522001342,-0.09012184194141443,-0.7206434316353887,-0.061654740740162216,-0.31499408817607666,-0.10639745229321715,0.8003938602144146,-0.6741116751269026,-0.6687054026503555,0.8154388928977198,-0.8530066815144762,-0.37455464889093226,-0.7392804337111878,-0.09146656181141402,-0.156676087377487,1.4142893033526582,-0.69209428366387
2017-05-01,-0.4896614563282414,-0.12044598744397496,0.7198991808443604,0.7444525725432817,-0.7470478558110627,-0.3966178658106946,-0.06284248571761657,-0.11535892491477538,-0.11615618997492592,-0.7142091152815014,-0.061694652898707285,0.03734927699797935,-0.09220561292666998,0.9048194072436138,-0.6781725888324863,-0.6707441386340456,0.9344152570835643,-0.8930957683741644,-0.43316860131019436,-0.7392804337111878,-0.07859211520038388,-0.10999435629563815,1.3613184531877023,-0.7192822518456947
2017-06-01,-0.5464698485722905,-0.05873435908948774,0.04874606175173283,0.7542062911485,-0.7445618396519578,-0.42699444139982784,-0.05934475923982701,-0.068012964690499,4.7692942135552926e-05,-0.6841823056300268,-0.061217442307408595,-0.7431644182505582,-0.07801500222106587,0.5790610867645414,-0.6761421319796944,-0.6687054026503555,0.6332125877428306,-0.9153674832962134,-0.5163774278818529,-0.7392804337111878,-0.04883707434081654,-0.0616404622212307,1.2520578104235924,-0.6884460178191363
2017-07-01,-0.6835563091243579,-0.0968928728922956,0.4881159420289855,0.7639600097537184,-0.749533871970168,-0.3646754873561417,-0.06587384866503397,-0.09664134705806354,-0.03276646262888966,-0.6927613941018766,-0.04972621126893764,0.4470322872515974,-0.06382663911122959,0.5341700840189276,-0.6761421319796944,-0.6727828746177359,0.6403119237722615,-0.8841870824053447,-0.4823583496149869,-0.7392804337111878,-0.031214376370698765,-0.016804746523833874,1.166241330750462,-0.6876572712211587
2017-08-01,-0.6082746109964856,-0.09501707010046423,0.8012602394454946,0.7654230675445012,-0.7520198881292729,-0.3527753855789556,-0.054681123936108036,-0.08882776178463427,-0.038681093144580625,-0.7292225201072385,-0.05225282443595878,0.21670226485883323,-0.049640080017158396,0.1455316728581527,-0.6761421319796944,-0.6707441386340456,0.27574756020406377,-0.8752783964365252,-0.43178944948856474,-0.7392804337111878,-0.011716344892930287,0.01680474652383472,1.071327510859287,-0.7177798774509788
2017-09-01,-0.5626383737620577,-0.06884948003944805,0.5441713925645872,0.766886125335284,-0.7321317588564327,-0.36342284506380657,-0.037192491547160894,-0.07205934772800535,-4.7692942135552926e-05,-0.7163538873994638,-0.051883203141607534,-0.2578673349245147,-0.03545559034445877,0.24280576048881394,-0.6741116751269026,-0.6687054026503555,0.3810359527055404,-0.8752783964365252,-0.36306171704401813,-0.7392804337111878,-0.0018279408482038309,0.03903044027590658,1.0200095204723192,-0.6972173802730046
2017-10-01,-0.5762908468487205,-0.0653493156725812,1.0053182104599874,0.6878810046330159,-0.7371037911746426,-0.38002035543725055,-0.026932493878978624,-0.0570397778766321,-0.02386511306858654,-0.6970509383378016,-0.0518016435132765,1.3472972706458561,-0.02127247038743056,0.016904111462117653,-0.6741116751269026,-0.6666666666666654,0.1648462701749178,-0.8841870824053447,-0.31961843466268264,-0.7392804337111878,0.001827940848203594,0.05663823985902878,1.147372283524953,-0.7048761509872818
2017-11-01,-0.5544823391157322,-0.032005644598744394,0.7254442344045369,0.6088758839307487,-0.749533871970168,-0.3530885461520396,-0.010842952081146976,-0.027096830100280984,-0.001273242774570723,-0.6841823056300268,-0.05111098963932431,0.10962310436933768,-0.007090426900712686,0.04871471550921729,-0.6741116751269026,-0.6646279306829754,0.2268921599080979,-0.8841870824053447,-0.2026203884610967,-0.7392804337111878,0.018916889952995893,0.07754113278599176,1.188918566904456,-0.7138823715590027
2017-12-01,-0.44850757446737194,0.032005644598744394,0.4817643352236925,0.4913435747378684,-0.7047855811062772,-0.33617787520551157,0.010842952081147307,0.027096830100281324,0.04487188402558424,-0.6906166219839142,0.01276581714504871,-0.04457658752109863,0.007090426900710576,0.08602301913919602,-0.6700507614213188,-0.6585117227319051,0.3063571381792994,-0.8930957683741644,-0.1780255143087004,-0.7392804337111878,-0.009033112062208774,0.10290790839945217,0.8648258216365939,-0.6802956368500588
2018-01-01,-0.4945263982459806,0.03872194738656682,1.0300189035916825,0.3738112655449887,-0.7594779366065879,-0.19212401158694134,0.020869767984143826,0.04577480643559553,0.0025813584402467273,-0.6756032171581768,0.03718858755209191,-0.18334867535529137,0.021271249150420227,0.3754771044477973,-0.6619289340101513,-0.6544342507645247,0.5452663783112159,-0.8930957683741644,-0.06194690265486742,-0.7313947757516018,-0.003570183465608016,0.123622801555283,0.5735588715595709,-0.723644915814602
2018-02-01,-0.6526380515675543,0.05737118849271574,0.9820289855072464,0.44257498171177717,-0.6898694841516471,-0.18304235496750954,0.019004313862656174,0.07073825435356088,-0.005530793483238739,-0.6970509383378016,0.037511355442933755,-0.38475217404810014,0.03545227370230913,0.30997397593714754,-0.6192893401015218,-0.6136595310907226,0.4983816806368255,-0.879732739420935,-0.12285944144351237,-0.6899950714637753,0.004760045509789139,0.13865636237460865,0.4341302321276256,-0.6624424213163611
2018-03-01,-0.7963734681328709,0.10438736058883427,1.0981726528040328,0.5113386978785663,-0.6848974518334369,-0.19682142018319881,0.022502040340445402,0.10103205087879547,0.06950884649679609,-0.6991957104557641,0.06944975883512026,0.03029189432517164,0.04963311079988426,0.49774934130762777,-0.5949238578680193,-0.5973496432212017,0.661203774856839,-0.8663697104677055,-0.09918400183886937,-0.6899950714637753,0.049097905542165594,0.15326551374041364,0.3501914011622897,-0.654680153804386
2018-04-01,-0.6832885877101872,0.11132611188172,1.4500315059861373,0.589368446720312,-0.6699813548788068,-0.18930556642918658,0.039990672729392544,0.13061306045108761,0.03485742471344172,-0.6520107238605899,0.12504566037703108,0.4654342407256226,0.06381370476364691,0.4919692727542669,-0.58477157360406,-0.5993883792048917,0.6916691550792755,-0.8841870824053447,0.002413515687851736,-0.6899950714637753,0.045780813366509014,0.16321185464768556,0.29552802258467537,-0.6418724122815498
2018-05-01,-0.5178185951804211,0.16432786780093167,0.9401890359168242,0.6673981955620576,-0.6600372902423867,-0.17897126751741962,0.06354203101317481,0.15702263286953003,0.032706831749326835,-0.6648793565683646,0.125207044322452,-0.35194609168223023,0.07799412612096339,0.2781924987752552,-0.5563451776649737,-0.5810397553516807,0.4971836376406604,-0.879732739420935,0.10975749913802992,-0.6722523410547068,0.0740203312793283,0.1679594957253417,0.45988178746867747,-0.6454405514981083
2018-06-01,-0.3791740770324478,0.2453853320611605,0.31914303717706366,0.5562058034625695,-0.5108763206960845,-0.24786659359586644,0.08779293459251467,0.20878712898433788,0.12731786743155718,-0.6026809651474531,0.18943438397752418,-0.13472174310414048,0.09217455861418213,0.20248363332002445,-0.48121827411167417,-0.5015290519877663,0.4035308021420577,-0.8440979955456566,0.0796460176991148,-0.5914243469689503,0.09234790768287394,0.17972405805077526,0.3275273878865202,-0.48204732268935435
2018-07-01,-0.20643109020777628,0.23882297287545803,0.5867170762444864,0.44501341136308226,-0.4661280298321939,-0.37156501996398633,0.10644747580739188,0.20495451109254703,0.06717500913355126,-0.5447721179624665,0.28606692574863496,-0.1606249312034548,0.10635483334881805,0.26733383415394324,-0.3532994923857859,-0.3771661569826696,0.44265045082826593,-0.7772828507795096,0.09550626364785626,-0.48299655002464276,0.060403158195224675,0.2020447234637253,0.18549384144446598,-0.4496811706377654
2018-08-01,-0.31201929104739395,0.26194992022193536,0.23717706364209198,0.8712509144111192,-0.29210689869484147,-0.4673921553276441,0.10271656756441624,0.22065337164064383,0.08367465003980537,-0.49758713136729216,0.27205949341058944,-0.44663059208009803,0.12053518603475301,0.18883768760040198,-0.2720812182741107,-0.2833843017329244,0.41205288933243084,-0.6481069042316255,0.059648316285481784,-0.39428289797930016,0.08118028310950032,0.2286370448675242,0.32609270559922704,-0.32167887421064184
2018-09-01,-0.45020126771718794,0.2788339413571091,0.572703213610586,1.297488417459156,-0.2747047855811064,-0.4482893603695293,0.10061793167774283,0.24914374413964274,0.12367509109660688,-0.4589812332439699,0.27491060977969356,0.12519518957619097,0.13471602684429557,0.12867044264370184,-0.20710659898477074,-0.2466870540265023,0.3268127910616622,-0.6169265033407569,0.1509021951499827,-0.39428289797930016,0.10310036035864562,0.2574658445532981,0.2853464063522694,-0.2997892796079761
2018-10-01,-0.28642317179994875,0.28960460547943007,1.1890107120352866,1.055596196049744,-0.10316967060286136,-0.38315196116808886,0.13606155998600894,0.28466717996411073,0.08065205837533787,-0.3109919571045575,0.3892762971234614,-0.07774371441711621,0.1488958190232761,0.18132295121691763,0.044670050761422164,-0.002038735983688982,0.35993381323146556,-0.4699331848552336,0.18170325249971236,-0.19714144898965008,0.10764075252082869,0.2803281167147822,0.09973025328423198,-0.11284883637242579
2018-11-01,-0.4612837148360638,0.34492423890122753,0.1762822936357908,0.8137039746403312,-0.031075201988812928,-0.4601894621467159,0.12673428937857034,0.33200398412844623,0.12924581492227477,-0.24235924932975852,0.4415056948576653,0.46106891689726576,0.16307392596942374,0.0880093108943049,0.14619289340101607,0.08766564729867403,0.259186448295192,-0.4342984409799552,-0.14929318469141503,-0.19714144898965008,0.1397810205584722,0.2879712905140531,-0.007824638188995023,-0.0843087313983646
2018-12-01,-0.4903711946351062,0.38044569879972095,0.042596093257718966,0.9005120702267736,0.31696706028589194,-0.42198387223048595,0.14515564882826149,0.4002974142624189,0.16155904758194284,-0.11367292225201059,0.5271606577176665,0.06900453488283421,0.17725235214470025,-0.18945339759047808,0.28223350253807183,0.24872579001019487,0.09836870283907372,-0.19376391982182606,-0.3375474083438687,0.09857072449482504,0.17503871901797408,0.2929611361551013,-0.28766041004145404,0.3131494162282766
2019-01-01,-0.4329097547490059,0.3682995485924584,0.6532577189666037,0.987320165813216,0.20758234928526792,-0.36592812964847726,0.16450973533869628,0.4053778807247847,0.12670426920931013,0.08579088471849874,0.5279398124649143,0.792023490323501,0.19143173600735486,0.11256489328435192,0.3126903553299501,0.26911314984709594,0.29304047570838637,-0.05122494432071238,-0.27778416273991513,0.09857072449482504,0.19841571702756822,0.3046875369236435,-0.28959095026215065,0.23893212280596418
2019-02-01,-0.26770484464512956,0.3794312104617506,0.439521109010712,0.9795171909290417,0.2597886886264761,-0.32521725514757704,0.18782791185729247,0.4221067079626413,0.09701738278364179,0.10294906166219848,0.5256700253615736,0.25727008012936864,0.20561146322692128,-0.028613119315452993,0.330964467005077,0.2874617737003069,0.15403744695475402,0.04677060133630307,-0.17365820020687292,0.14785608674223757,0.21797322762741025,0.3137221916191662,-0.29622883513054293,0.3309337733847907
2019-03-01,0.06396361677622532,0.38068918626374065,0.9025834908632641,0.9717142160448672,0.3940335612181477,-0.3346120723400924,0.2423924449108076,0.4248577088417949,0.1735977811902506,0.08793565683646117,0.5373764349939392,-0.1502714115406232,0.2197915152435624,-0.0614027103375764,0.34314720812182836,0.2976554536187576,0.12672038433507718,0.055679287305122484,-0.11136650959659838,0.14785608674223757,0.19768135321738572,0.32109266022622845,-0.2384250229747507,0.33500896386932955
2019-04-01,0.033132330483644536,0.37324626967391217,0.5235034656584752,0.5844915874177031,0.3741454319453074,-0.2738589211618258,0.2566165325871513,0.4162884711111961,0.13744206167591294,0.19731903485254693,0.5718067453283252,0.1703826660701405,0.23397196072866186,-0.21228806651285986,0.37969543147208207,0.36901121304791146,-0.025302499848291794,0.15367483296213832,-0.0024135156878520624,0.24642681123706262,0.231691578765108,0.3280096913184492,-0.2556345989831605,0.4044036361203336
2019-05-01,0.0848860765935244,0.41481796970838913,0.1809199747952111,0.19726895879053832,0.5407085146053451,-0.3314804666092537,0.2901947067739297,0.4167400548977102,0.17401025751101357,0.2873994638069705,0.6541333812279236,0.5531705201227016,0.24815203130513588,-0.2777952404242325,0.5786802030456862,0.5565749235474018,-0.12848921010273465,0.19821826280623617,-0.052062981266521424,0.3627402661409561,0.2832544109670858,0.3203891724037573,-0.3413519070696121,0.5185991129009387
2019-06-01,0.006236130063443019,0.4340044739859366,0.1472463768115942,0.23238234576932393,0.6674953387197018,-0.24692711187661487,0.3041856126850873,0.4310522851188354,0.29145215746609926,0.46541554959785525,0.8252038339966558,0.8291877647112498,0.2623308101172375,-0.44553454509266527,0.765482233502539,0.7380224260958218,-0.26901472679632854,0.36302895322939877,-0.21296402712331933,0.5421389847215378,0.3723963685517675,0.29363430220310727,-0.6529358095376685,0.7759057621822563
2019-07-01,0.04077580886776058,0.40691399203021145,-0.3970762444864524,0.2674957327481102,0.8241143567433187,-0.1930634933061929,0.3298356068555433,0.3956452205740648,0.20783343342872412,0.64343163538874,0.881231828037597,1.1293905154162045,0.27650914720531483,-0.6043650682883863,0.848730964467006,0.8399592252803274,-0.4933924383900081,0.5723830734966592,-0.16883116883116897,0.6367668802365698,0.37737550820374194,0.26306886849271327,-0.7419456143018648,0.8828698111193668
2019-08-01,0.3997943677382447,0.4076098171117935,-0.7156647763074985,0.22555474274567183,1.0950901180857675,-0.2895169498160183,0.3825346857875705,0.38956978702160105,0.23489032755083364,0.606970509383378,0.8641251298229723,0.10294883587893046,0.29068781465841903,-0.7877317559506828,0.944162436548224,0.9439347604485231,-0.6269796398781291,0.7015590200445433,-0.2577864613262846,0.7392804337111878,0.38030921422630654,0.23365680687983928,-0.5243367073710928,0.9995453160940868
2019-09-01,0.5266988862359298,0.4027413506947507,-0.43377441713925646,0.18361375274323274,0.9459291485394654,-0.2967196429969465,0.4002564999417037,0.3995851933605527,0.24060512993165825,0.6970509383378016,0.8307550946568899,0.3793773641676299,0.30486630208114224,-0.5930080102979716,0.8791878172588838,0.921508664627932,-0.45628555000327464,0.7238307349665922,-0.2026203884610967,0.7392804337111878,0.39222125559822996,0.2026552547176841,-0.4064811937614455,1.0333635451422232
2019-10-01,0.46526214051601944,0.41405466601454444,-0.6104095778197858,0.14118507681053385,0.9533871970167804,-0.3148829562358101,0.4298705841203208,0.4157087318907614,0.22721135221399488,0.7313672922252011,0.8270675582695822,0.0950602819831889,0.31904550776940266,-0.42109061576257995,0.7715736040609145,0.8521916411824678,-0.3035320638723947,0.7995545657015591,-0.261464199517297,0.7392804337111878,0.4134783185652528,0.17740391766477495,-0.3253191672231293,0.9910207325052762
2019-11-01,0.7348360970328219,0.43346182278846385,-0.8164839319470699,0.09875640087783429,0.9608452454940958,-0.2845063806466763,0.4625160312463556,0.44132617831418086,0.2742049546850891,0.767828418230563,0.8159910666177306,-0.002222669168316626,0.3332271540756948,-0.009754270223868239,0.7370558375634525,0.8256880733944966,0.07374933984466304,0.8173719376391984,-0.1994023675439607,0.7392804337111878,0.4126660726909536,0.1619219093670271,-0.25134377499950433,1.0444025981064429
2019-12-01,0.7524071738528032,0.44966695263828865,-0.6632388153749212,-0.0021945866861741875,0.9310130515848352,-0.20746887966804975,0.4860673895301375,0.4847669668661882,0.31186638331217487,0.767828418230563,0.8086784650477948,0.09784528174566239,0.3474089451486827,0.10735198991238903,0.7390862944162444,0.8277268093781867,0.21472667616369107,0.7861915367483296,-0.12975520055166095,0.7392804337111878,0.39611450728672437,0.15402889392353664,-0.26742940635888923,1.030983892382763
2020-01-01,1.0948526162032455,0.45126565694630416,-0.5570762444864524,-0.10314557425018335,0.9608452454940958,-0.12604713066624929,0.563250553806691,0.46884452716995034,0.31667990082102726,0.7506702412868633,0.8037657989242804,0.2275035322656655,0.36158867051226434,0.1798293892698987,0.7532994923857876,0.8236493374108065,0.2214318716688067,0.9153674832962139,-0.16745201700953938,0.7392804337111878,0.37654742664865143,0.15362095695582823,-0.19172842852703745,1.0330120960574758
2020-02-01,0.6879006695659785,0.4635855068512921,-0.4456710775047259,0.021214337966349094,0.9658172778123058,-0.22062162373757147,0.5236096537250777,0.4900830208459547,0.3334158305577384,0.6091152815013405,0.7967256412191948,0.18540909638849334,0.3757685851861424,-0.11526479372703916,0.7796954314720822,0.8256880733944966,-0.11240034583427695,0.9376391982182628,-0.3543270888403633,0.7392804337111878,0.3965798805800935,0.1621433370165358,-0.1906705982691258,1.0336933468151164
2020-03-01,0.33935742844595096,0.47563236343518733,-0.9790044108380592,0.14557425018288223,0.35177128651336215,-0.3333594300477568,0.5268741984376809,0.5063598967316633,0.37001942855210607,0.5211796246648793,0.8786167139972805,0.8693873575868734,0.38994960417008123,-0.8233733544826878,0.4873096446700515,0.5912334352701336,-0.7434553747008649,0.8975501113585747,-0.841397540512585,0.5973385904386396,0.4952255088797132,-1.2001307896295774,-0.28036138126185967,0.8620418944564543
2020-04-01,0.05039862019521413,0.46475291250070155,-1.816710775047259,-0.02657888319921979,0.08576755748912383,-0.39317309950677226,0.49422875131164606,0.5121356944550168,0.2935092463882961,0.2101876675603218,0.9757663785182348,2.0612094165274226,0.4041313172917701,-0.4285422438947819,-0.11370558375634418,0.010193679918451791,-0.39500150506404497,0.49220489977728293,-1.0464314446615333,0.11631345490389353,0.5212261843426707,-1.1864622881492737,-0.4375880147831773,0.2781891651134739
2020-05-01,0.01570001977165234,0.5006692377386326,-1.3804662885948331,-0.1987320165813218,-0.12554381603480663,-0.30235653331245593,0.5247755625510071,0.49437295287249233,0.4117269358534339,-0.0042895442359248415,0.9055869213062381,1.349896980269994,0.418314619135162,-0.4431380497042202,-0.38375634517766394,-0.29765545361875506,-0.3352075035703963,0.095768374164811,-0.864153545569475,-0.201084277969443,0.6180877185827947,-1.16215088616064,-0.261869186065731,-0.055007423223772486
2020-06-01,0.12958647775237578,0.461087515334226,-0.5860113421550095,-0.3684467203121194,-0.2026103169670604,-0.1808502309559228,0.5592864637985299,0.4654499776763148,0.49971670921639644,-0.14155495978552282,0.9923611599167395,0.49505270346174823,0.4324982272157957,-0.4034348688460854,-0.40406091370558284,-0.3404689092762476,-0.30815720679339625,-0.2605790645879732,-0.669233421445811,-0.33119763430261207,0.6129233421350463,-1.1262051272186007,-0.5165153749016549,-0.19492104455013295
2020-07-01,0.2005020583068681,0.4398617714739298,-0.4657340894770006,-0.538161424042917,-0.5183343691733996,-0.10944962029280526,0.5993937274105153,0.4385484076299093,0.4870788440489308,-0.4353887399463806,1.0165444573725133,0.23784996416315193,0.446679123704837,-0.012121638727105956,-0.5685279187817248,-0.5402650356778785,0.040194522768524636,-0.4253897550111356,-0.6133777726698082,-0.49285362247412523,0.583576381431603,0.054507071019472726,-0.5064593760123763,-0.3832762234625186
2020-08-01,0.002786440566762789,0.4227640253044796,-0.5319722747321991,-0.22214094123384578,-0.4909881914232444,0.04994911140687383,0.6224787221639251,0.43571946078242807,0.511268516115848,-0.5898123324396783,1.0343661038184655,0.666231938961851,0.46085722879500196,0.1377572217482366,-0.4710659898477148,-0.4566768603465839,0.20863432110796756,-0.4699331848552336,-0.5763705321227447,-0.49285362247412523,0.5873419690642793,0.08511916783028704,-0.6170026379642051,-0.41452561031372454
2020-09-01,0.12721418437073762,0.4333368718980765,-0.15198487712665407,0.09387954157522543,-0.44126786824114367,0.07312299381507847,0.6635187128366549,0.4522121712083711,0.5770096201839354,-0.519034852546917,1.0003349150695295,0.6209090827039079,0.4750338361066479,0.09411543874595854,-0.45076142131979596,-0.4383282364933729,0.20971580425395397,-0.5011135857461021,-0.6411906677393405,-0.49285362247412523,0.6422611903319673,0.1303278544695889,-0.4608206118225747,-0.4298848844872573
2020-10-01,0.12416405067750197,0.43885626317941645,-0.11558916194076875,-0.012923677151914198,-0.46115599751398395,0.13888671416268697,0.6952314329019453,0.46453608821374526,0.5508724765118875,-0.48042895442359257,0.9439477116016834,0.9158504355062729,0.4892099719985386,0.0388148108593123,-0.4345177664974609,-0.4281345565749224,0.11545373324977899,-0.5144766146993315,-0.6494655786691187,-0.49285362247412523,0.6225661660353654,0.17953977845016367,-0.2604609495348856,-0.4188073773270214
2020-11-01,0.022226176325051392,0.45172902718868513,-0.2081411468178954,-0.11972689587905452,-0.3592293349906775,0.23095592264933842,0.7124868835257067,0.4859270958982294,0.5716741266524009,-0.46541554959785525,0.884862099153949,0.4374065556057418,0.5033866795332819,0.13435261249956043,-0.42639593908629336,-0.4260958205912323,0.19523113998537595,-0.5590200445434295,-0.5952189403516839,-0.49285362247412523,0.6059805907741557,0.22311176891489562,-0.11465888279901887,-0.4109449514133934
2020-12-01,-0.022088812267011385,0.5366066019355201,-0.2522999369880277,0.010972933430870245,-0.38160348042262277,0.3809598371565021,0.7299755159146538,0.5884444556119052,0.6934196824538048,-0.4632707774798928,0.9009848758948783,0.12796441756892935,0.5175636283458548,0.3517168478399382,-0.4284263959390854,-0.4260958205912323,0.42717803195302056,-0.572383073496659,-0.4561544650040226,-0.49285362247412523,0.7014497162246954,0.25904097905993134,-0.3184697163031476,-0.37711648851404417
2021-01-01,-0.4100511692820228,0.5290343727199108,0.30028985507246375,0.14167276274079432,-0.40397762585456803,0.5688561810068113,0.7414014224087662,0.576022475771059,0.6004769000175688,-0.519034852546917,0.9021301813139951,0.23950589005077133,0.5317398533249426,0.5645178711645054,-0.42030456852791787,-0.42201834862385196,0.5812100714920444,-0.5857461024498882,-0.34375359154120244,-0.49285362247412523,0.6786130250349117,0.2878389561790555,-0.39903671332138807,-0.3950859575888642
2021-02-01,0.07734312478462523,0.5444587519343174,0.11034656584751103,0.029017312850524214,-0.37663144810441285,0.6396304705237609,0.7887373207415165,0.6098160558309187,0.6206004988352425,-0.5554959785522788,0.8826409007653587,-0.5925275653783132,0.5459152690953155,0.5224036314753212,-0.3614213197969534,-0.3812436289500497,0.5060602109733291,-0.5946547884187079,-0.1819331111366511,-0.49285362247412523,0.7110807459743127,0.3144987533680272,-0.2622526495342238,-0.43310722562749665
2021-03-01,0.14959308905458868,0.5631831688328349,0.6827977315689981,-0.08363813703974658,-0.3965195773772529,0.7032020668597821,0.8055264078349057,0.627726790364626,0.696907206794627,-0.5490616621983914,0.8278536542617941,0.34511836756703296,0.5600905326750556,0.41907034264139603,-0.33096446700507515,-0.3363914373088673,0.3933516424424458,-0.6080178173719374,-0.10975749913803023,-0.49285362247412523,0.7401932852233444,0.34505939974360145,-0.035863751462781,-0.4031219451666245
2021-04-01,0.5040416933861496,0.5798380705735201,0.1936231884057971,-0.11533772250670615,-0.38657551274083274,0.9048774759257807,0.8342077649527788,0.6197990869888356,0.6563818493364668,-0.4782841823056321,0.7799330343392061,0.6134471694172727,0.5742662286989048,0.39273478393312483,-0.33096446700507515,-0.3404689092762476,0.335646105068491,-0.6080178173719374,-0.126537179634525,-0.49285362247412523,0.7275521289466694,0.3849845976668449,0.12454298427138563,-0.41117885523806863
2021-05-01,0.4561547054044316,0.6172571419408119,0.015677378701953373,-0.14703730797366502,-0.3567433188315725,1.1860956705550765,0.8593913955928629,0.6349117942961862,0.7027649115791377,-0.4589812332439699,0.7832058313398944,-0.19419657492943104,0.5884423219031796,0.6867536994178263,-0.35126903553299405,-0.3588175331294586,0.6024972647488767,-0.6302895322939863,-0.05137340535570655,-0.49285362247412523,0.7327866475471366,0.4365623831675868,0.0774232577205075,-0.37429572735608063
2021-06-01,0.2609090580888635,0.6647946697027766,-0.09814744801512287,0.061692270178004716,-0.37663144810441285,1.127221482815313,0.8614900314795361,0.7033951823497658,0.9192364130614561,-0.4439678284182307,0.8352530213937845,0.2177417990689315,0.6026184336672852,0.6430374810422408,-0.349238578680202,-0.3547400611620783,0.6314726015257325,-0.6213808463251667,0.07343983450178124,-0.49285362247412523,0.8524228520121473,0.49818080158994194,-0.08554210494998474,-0.3808381701961309
2021-07-01,0.028859192075504258,0.63450626598568,0.9785003150598613,0.27042184832967514,-0.3244251087632069,1.115947702184295,0.8619563950099082,0.6708276762723276,0.8067239991502305,-0.4568364611260052,0.8969936600403804,-0.48544159296891487,0.6167945714151585,0.6187060138522614,-0.3532994923857859,-0.3690112130479091,0.5934152096184709,-0.5857461024498882,0.09596598092173306,-0.49285362247412523,0.8284402726590312,0.5668699585345711,-0.11208703298446987,-0.3329804113583108
2021-08-01,0.018684453476421396,0.6493151273642771,0.5554631379962193,0.13630821750792432,-0.40894965817277823,0.9756517654427302,0.8850413897633186,0.6881673130536534,0.8500538897901966,-0.5726541554959785,0.9730107042673906,0.7212357732775364,0.6309701096804269,0.6481929397239338,-0.35939086294416156,-0.3812436289500497,0.6212165363579616,-0.5857461024498882,0.0044822434202963606,-0.49285362247412523,0.8509330906424167,0.6391515482213238,-0.2540081849616209,-0.3828044130446406
2021-09-01,0.12276719601705664,0.7402603891886691,0.7035664776307499,0.0021945866861734944,-0.3567433188315725,0.7905738667501757,0.949399556954644,0.7898948550844873,0.9231747562609851,-0.5040214477211796,1.0419615611206987,0.2406684622527974,0.6451442336864253,0.4442934161507771,-0.29644670050761324,-0.33435270132517725,0.4138625711300478,-0.567928730512249,0.09527640501091819,-0.4731394775751603,0.8621741744733941,0.7119851778271393,-0.3014320377116486,-0.36127082079526746
2021-10-01,0.17814625417523192,0.7668613304896529,0.6777567737870195,-0.1636186296025362,-0.29956494717215665,0.902685351914194,0.9946368194007205,0.8296032204608528,0.8660711909783302,-0.4332439678284182,1.1039087018049836,0.8483992144452249,0.6593168543459544,0.5482691146195525,-0.11573604060913602,-0.19775739041793955,0.5254776400355451,-0.527839643652561,0.30697620963107664,-0.4435682602267127,0.8635378858574994,0.7873870247669028,-0.32434728567367216,-0.320349932704039
2021-11-01,0.580306077908351,0.831430152099486,0.3746943919344676,-0.3294318458912466,-0.09571162212554377,0.9070695999373675,1.0916404337180805,0.9005487873454252,0.9041429788535317,-0.3345844504021468,1.1297509568072355,0.06966097743538824,0.6734888012835492,0.4582727028899939,0.06294416243654903,-0.02038735983689996,0.4334518358476816,-0.4699331848552336,0.24560395356855505,-0.33514046328240515,0.8934142870026821,0.8659261081994878,-0.17928570011834508,-0.17335066939857818
2021-12-01,0.721480121750763,0.9605939657315128,1.2103843730308759,-0.33235796147281216,0.3269111249223119,1.0044625381664447,1.138743150285645,1.0588970732410885,1.057566175059855,-0.1265415549597855,1.1998662075033122,0.6493742307857523,0.6876622348637608,0.41973540652029623,0.39796954314720895,0.38124362895005226,0.42078766820818087,-0.12694877505567892,0.09757499138030089,-0.03548546081813696,0.8837837020755589,0.9480940689293084,-0.30137253475964093,0.18832656548635182
2022-01-01,0.8236397161602554,0.9079190833941357,0.6258349086326402,-0.33528407705437707,0.3219390926041019,1.2690832224222965,1.1716217791768657,1.0097024012288218,0.9372638747281069,0.11152815013404817,1.1823794761268895,0.42391819440426043,0.7018378473683607,0.48273119566268347,0.38375634517766577,0.38124362895005226,0.4545683950970361,0.0824053452115815,0.35064935064935054,0.04928536224741252,0.8865007922526916,1.0355691748441354,-0.29958744619941396,0.25989763606334104
2022-02-01,0.6823444367919498,0.9123418830830413,0.6624322621298047,-0.2611558156547186,0.35177128651336215,1.4610506537226957,1.1970385915821355,1.0352258427413679,0.9331678096163615,0.017158176943699747,1.1674592700760325,0.003914594818797274,0.7160138162217553,0.40880797008668934,0.2944162436548232,0.2813455657492367,0.39640623150588716,0.04677060133630307,0.5425813124928166,0.04928536224741252,0.8731646326019586,1.1217672606861366,-0.2513702207559521,0.28342288335048127
2022-03-01,0.7315774231759103,1.0065656304872475,1.3380214240705735,-0.18702755425506018,0.35177128651336215,1.8333985751193922,1.2257199487000086,1.1307172147680273,0.9992231813574111,0.07077747989276141,1.2411214969488888,1.7179746479404132,0.730188914618982,0.44665835741358156,0.4893401015228433,0.4913353720693181,0.4282090458855274,0.020044543429844457,0.9335708539248361,0.04928536224741252,1.000925125936794,1.2000560911094933,-0.3422180055932774,0.3258444798985554
2022-04-01,0.8976937272394147,1.085947675211071,0.7779710144927536,-0.1582540843696662,0.7992541951522685,1.8957175291630783,1.2914772064824505,1.1531381634126765,0.9494041102083332,0.345308310991957,1.3263599851110295,2.5009571721369492,0.7443629643856488,0.4725958486906864,0.8000000000000008,0.817533129459736,0.4265724013912681,0.15367483296213832,0.7991035513159404,0.42385411532774775,1.0494574460322683,1.2672252006878861,-0.36757287458761123,0.7411765347803622
2022-05-01,0.9199903261929446,1.1331570465278502,0.8205166981726528,-0.1294806144842722,1.0975761342448724,1.6608470993501918,1.3245890171388566,1.1959555643252222,1.078656217540976,0.5683646112600538,1.521186848770228,3.921434758528358,0.7585364313735609,0.2969227041238413,1.0802030456852798,1.1131498470948025,0.2506331182583795,0.5723830734966592,0.943224916676244,0.6229669788072942,1.168691251359866,1.3175465939843927,-0.5134344442754921,0.9753959142624106
2022-06-01,2.2106389626736167,1.1495220211512096,1.654593572778828,-0.5527920019507442,1.2417650714729644,1.4754560400845529,1.5892503206249233,1.2329436315798348,1.2736938874672974,0.7227882037533515,1.6726083723561445,1.9787967927265089,0.7727100394162033,0.17254200440706005,1.2142131979695439,1.2171253822629982,0.16312671197279968,0.9198218262806236,1.0544764969543727,0.8378511582060129,1.2533966002248544,1.3528786213719355,-0.49307121181067454,1.0454893163452135
2022-07-01,2.8090498859624518,1.1423482492924206,-0.5740138626339004,-0.9761033894172159,1.5475450590428836,1.0213732091129724,1.7114375655823675,1.205764288508224,1.190339209435087,1.0359249329758715,1.9505497032183947,3.3933063781616704,0.7868844306837972,0.06004183753428017,1.2710659898477166,1.272171253822631,0.06865795752294718,0.9821826280623606,0.7731295253419145,1.0251355347461804,1.287127909359537,0.3732384394542259,-0.5493345586533817,1.2487530575551662
2022-08-01,3.1923836946048354,1.1588066163677329,-0.5092879647132955,-0.8015118263838091,1.6867619639527658,0.9762780865888983,1.8187011775679098,1.2253830196782902,1.1963117066031348,1.0831099195710459,1.9520854536667556,2.022000767713072,0.801060631535102,0.23810743208884683,1.3218274111675135,1.3292558613659544,0.22268158552639117,1.2093541202672606,0.6163659349500057,1.0842779694430755,1.274915790733067,0.38717102057752595,-0.4728203738107742,1.4931142494907532
2022-09-01,2.5178719566275705,1.2003765203935184,-0.6383364839319471,-0.6269202633504026,1.572405220633934,0.8178188366084708,1.7599393727410473,1.2690871212234647,1.2749249652116448,1.11313672922252,2.127416095532354,1.0110042222853193,0.8152385881466038,0.13919738440570853,1.3340101522842644,1.3476044852191653,0.12025311512207851,1.356347438752784,0.4455809677048613,1.0842779694430755,1.3247204683815643,0.3907762712148705,-0.7012455951286913,1.3777944090260215
2022-10-01,3.116571025052266,1.192134123363347,-0.439521109010712,-0.6600829066081451,1.6842759477936609,0.822203084631645,1.9420543313512835,1.263526132532227,1.2269742106737216,1.2482573726541553,1.9499041674367106,1.1888360042459816,0.8294180499605573,0.15020087437291246,1.2812182741116758,1.2986748216106025,0.11053178328760052,1.307349665924276,0.5028157683024936,1.0842779694430755,1.3071590161142823,0.3893009791693004,-0.04948331603340127,1.5149069709939007
2022-11-01,2.6595813337671865,1.2024834951611998,-0.0033774417139256457,-0.6932455498658867,1.64947172156619,0.9249197526031475,1.965838871400252,1.2783315770235597,1.2645738913485973,1.213941018766756,1.981844306140138,1.4623458289247417,0.8435996294514506,0.23789949849167247,1.3197969543147214,1.3374108053007148,0.17646139916281178,1.3429844097995545,0.40627514078841503,1.1118777723016267,1.3221074031219895,0.38514112503384834,-0.13257588279240745,1.4767318952530564
2022-12-01,2.763105489889229,1.4130590999110013,-0.18485192186515437,-0.7566447207998052,1.8483530142945925,1.0094731073357863,2.0469861256849664,1.4439926069355409,1.2333941158612112,1.346916890080429,2.0231377724330186,2.428024552567977,0.8577829164469749,0.08189428316106011,1.5228426395939092,1.541284403669726,0.03699573595228497,1.5790645879732734,0.21710148258820808,1.2814194184327254,1.3087072271597429,0.37785499221553603,-0.32035397645005426,1.6861693544379424
2023-01-01,3.2588864942172773,1.3480166451519793,-0.5188657844990548,-0.8200438917337243,1.818520820385333,1.1516480075158533,2.1978547277602836,1.3498814401885688,1.2671972972039205,1.4777479892761394,2.20050219907317,1.9940847403218342,0.8719665746391573,0.10233245669499681,1.6020304568527926,1.6228338430173301,-0.014887817152442915,1.5924276169265035,0.28077232502011235,1.334647609659931,1.473782443386766,0.3656277992615724,-0.5525212723053419,1.665648993565238
2023-02-01,3.9369216273686742,1.3643000296662149,-1.0055198487712664,-1.076566691050964,1.9999999999999996,1.1907930791513344,2.3816019587268222,1.352628783789669,1.2868424376033267,1.6471849865951746,2.751706461691702,1.6155358066568726,0.886149650052587,0.08916953182172951,1.8802030456852799,1.8899082568807353,-0.0654916152010867,1.7438752783964364,0.27088840363176636,1.4785608674223756,1.500782940015194,0.34693598729861086,-1.046574282824141,1.862124221920359
2023-03-01,4.540525337943521,1.39311031823029,-0.7442974165091367,-1.0814435503535726,2.5692977004350532,1.198935254051515,2.5550891920251777,1.3274696402525512,1.3642588444752857,1.6772117962466486,3.0010394514334098,0.937366446968739,0.9003319570889308,0.04794366213136847,2.3878172588832496,2.4036697247706433,-0.095684221341147,1.708240534521158,0.1860705666015374,2.0187284376540164,1.555864623166956,0.32644922286867495,-1.1050260160129042,2.534982988698329
2023-04-01,4.7278254382750795,1.4638871721682796,-1.2401260239445495,-1.2092172640819319,3.024238657551274,1.1920457214436704,2.686836889355246,1.2965357649324187,1.346488724750417,2.1340482573726547,3.0674099004712234,2.3009258081659643,0.914513902208534,0.17577994314593848,2.544162436548224,2.5810397553516835,0.024474564417642272,2.1358574610244982,0.30237903689231094,2.247412518482011,1.566244390847923,0.31602070851401765,-1.1078689348310504,2.8034876792610897
2023-05-01,5.033435776414462,1.45396550701165,-1.1111783238815376,-0.8034625701048531,2.9073958980733376,0.9709543568464732,2.802495044887483,1.2249452600352677,1.459278828023867,2.149061662198392,3.082579991340797,2.5525916897352867,0.928696118301696,0.15552947620555993,2.5522842639593915,2.576962283384302,0.05749584980842755,2.349665924276169,0.11964142052637362,2.267126663380976,1.6761687476707385,0.3203888921986056,-0.9909919142099649,2.7815505097203674
2023-06-01,3.548792304519432,1.48732611188172,-1.1064398235664776,-0.5342599366008298,2.9272840273461775,0.8823299146637437,2.8020286813571107,1.23816913209003,1.5910126149596175,2.1769436997319036,3.0959436232083988,1.6982885860415686,0.9428791937151256,0.16541077201213839,2.5664974619289347,2.595310907237514,0.10649785115307127,2.483296213808463,0.10286174002988148,2.302612124199113,1.7265267972111598,0.3307195970700006,-0.9646651636661739,2.8371759213761707
2023-07-01,3.360973371421845,1.409172023957473,-1.2281285444234404,-0.5762009266032682,3.260410192666252,0.8876536444061696,2.9123236562900714,1.204033065399458,1.613917576775125,2.419302949061662,3.0072883072125602,1.8517603362753412,0.957063187840285,0.6979400414977207,2.7451776649746193,2.7706422018348635,0.5770944272975962,2.861915367483296,0.2292839903459371,2.464268112370626,1.7173641782570856,0.3439387520306739,-0.7095826198488618,2.9828686758178717
2023-08-01,3.2081280178380696,1.377802166435484,-0.8502583490863264,-0.7683491831260675,3.188315724052206,0.7789869255460732,3.010026815902989,1.186188099384627,1.6618811513640783,2.3378016085790887,3.2295105294347826,1.397058822929334,0.9712470149269481,0.4526123781980411,2.7573604060913715,2.7808358817533136,0.3352844090385557,2.8574610244988863,0.3529479370187332,2.464268112370626,1.7513234144377656,0.36273706579840187,-0.8117822456414079,2.989103528636114
2023-09-01,3.920039073397481,1.3986882080804355,-0.6255324511657215,-1.4003901487442092,3.2082038533250468,0.8140609097314644,3.1179899731840894,1.209517769519033,1.6863639203774858,2.142627345844504,3.2850856072418004,1.296747210561591,0.9854295261214538,0.5521429903521238,2.877157360406092,2.8888888888888897,0.4727216905263879,2.8930957683741645,0.5253419147224454,2.464268112370626,1.8991620640380122,0.3790410469649664,-0.7001084276014355,2.9345923788493957
2023-10-01,3.1426127953002365,1.4091699713761114,-0.8647763074984247,-0.8688124847598154,3.2952144188937225,0.8131214280122128,3.1494695114841944,1.2435180684914064,1.695693741918553,2.0761394101876682,2.9893070121324286,1.345007682903767,0.9996115436244061,1.0123218860629066,2.6294416243654823,2.6605504587155973,0.8812231093721934,2.9955456570155894,0.43362831858407064,2.464268112370626,1.984205261941907,0.38956620228778666,-0.251403277951512,3.0742881574918193
